Element	NetName	NetID	Archetype	Slot/Category	Type
ArmorPart	MPArmorBootsExecutioner	3553788608		Boots	Spy
ArmorPart	MPArmorBootsGhost	2910693853		Boots	Spy
ArmorPart	MPArmorBootsHeavy	889631393		Boots	Merc
ArmorPart	MPArmorBootsHunter	1916777351		Boots	Merc
ArmorPart	MPArmorBootsIntelScout	1039383261		Boots	Spy
ArmorPart	MPArmorBootsMercDefault	2012733723		Boots	Merc
ArmorPart	MPArmorBootsSpyDefault	1677666928		Boots	Spy
ArmorPart	MPArmorBootsTech	713453701		Boots	Merc
ArmorPart	MPArmorGlovesExecutioner	3902799319		Gloves	Spy
ArmorPart	MPArmorGlovesGhost	589071948		Gloves	Spy
ArmorPart	MPArmorGlovesHeavy	3144129840		Gloves	Merc
ArmorPart	MPArmorGlovesHunter	1399714945		Gloves	Merc
ArmorPart	MPArmorGlovesIntelScout	719795786		Gloves	Spy
ArmorPart	MPArmorGlovesMercDefault	1287298572		Gloves	Merc
ArmorPart	MPArmorGlovesSpyDefault	1961600743		Gloves	Spy
ArmorPart	MPArmorGlovesTech	664762860		Gloves	Merc
ArmorPart	MPArmorHelmetExecutioner	1829099407		HeadGear	Spy
ArmorPart	MPArmorHelmetGhost	2154296251		HeadGear	Spy
ArmorPart	MPArmorHelmetHeavy	404547783		HeadGear	Merc
ArmorPart	MPArmorHelmetHunter	3291554552		HeadGear	Merc
ArmorPart	MPArmorHelmetIntelScout	3254627829		HeadGear	Spy
ArmorPart	MPArmorHelmetMercDefault	3374363732		HeadGear	Merc
ArmorPart	MPArmorHelmetSpyDefault	2683387224		HeadGear	Spy
ArmorPart	MPArmorHelmetTech	624424283		HeadGear	Merc
ArmorPart	MPArmorPantsExecutioner	2405021318		Pants	Spy
ArmorPart	MPArmorPantsGhost	4041252461		Pants	Spy
ArmorPart	MPArmorPantsHeavy	1755022609		Pants	Merc
ArmorPart	MPArmorPantsHunter	3478954958		Pants	Merc
ArmorPart	MPArmorPantsIntelScout	3065804369		Pants	Spy
ArmorPart	MPArmorPantsMercDefault	729601373		Pants	Merc
ArmorPart	MPArmorPantsSpyDefault	3903907580		Pants	Spy
ArmorPart	MPArmorPantsTech	1025595717		Pants	Merc
ArmorPart	MPArmorTorsoGhost	1719599494		Torso	Spy
ArmorPart	MPArmorTorsoGhostElite	1618133525		Torso	Spy
ArmorPart	MPArmorTorsoHeavy	4261681914		Torso	Merc
ArmorPart	MPArmorTorsoHeavyElite	2689340070		Torso	Merc
ArmorPart	MPArmorTorsoHunter	556323145		Torso	Merc
ArmorPart	MPArmorTorsoHunterElite	1786204924		Torso	Merc
ArmorPart	MPArmorTorsoIntelScout	3209762908		Torso	Spy
ArmorPart	MPArmorTorsoIntelScoutElite	2952052149		Torso	Spy
ArmorPart	MPArmorTorsoSaboteur	3186455752		Torso	Spy
ArmorPart	MPArmorTorsoSaboteurElite	3000975656		Torso	Spy
ArmorPart	MPArmorTorsoTech	3623398910		Torso	Merc
ArmorPart	MPArmorTorsoTechElite	1687381635		Torso	Merc
ArmorPart	SPBootsSuitA	3104011544		Boots	Campaign
ArmorPart	SPBootsSuitB	3024114625		Boots	Campaign
ArmorPart	SPBootsSuitC	2961264246		Boots	Campaign
ArmorPart	SPBootsSuitD	2932219507		Boots	Campaign
ArmorPart	SPBootsSuitE	2852586436		Boots	Campaign
ArmorPart	SPBootsSuitF	2806261021		Boots	Campaign
ArmorPart	SPBootsSuitG	2743417002		Boots	Campaign
ArmorPart	SPBootsSuitH	2613740823		Boots	Campaign
ArmorPart	SPBootsSuitI	2668337312		Boots	Campaign
ArmorPart	SPBootsSuitJ	2454240889		Boots	Campaign
ArmorPart	SPBootsSuitK	2525602766		Boots	Campaign
ArmorPart	SPBootsSuitL	2295264203		Boots	Campaign
ArmorPart	SPBootsSuitM	2349854332		Boots	Campaign
ArmorPart	SPBootsSuitO	2240664850		Boots	Campaign
ArmorPart	SPGlovesSuitA	842606171		Gloves	Campaign
ArmorPart	SPGlovesSuitB	1064960130		Gloves	Campaign
ArmorPart	SPGlovesSuitC	1002118453		Gloves	Campaign
ArmorPart	SPGlovesSuitD	637291824		Gloves	Campaign
ArmorPart	SPGlovesSuitE	557666439		Gloves	Campaign
ArmorPart	SPGlovesSuitF	746485342		Gloves	Campaign
ArmorPart	SPGlovesSuitG	683633641		Gloves	Campaign
ArmorPart	SPGlovesSuitH	284218964		Gloves	Campaign
ArmorPart	SPGlovesSuitI	338807779		Gloves	Campaign
ArmorPart	SPGlovesSuitJ	426962234		Gloves	Campaign
ArmorPart	SPGlovesSuitK	498331789		Gloves	Campaign
ArmorPart	SPGlovesSuitL	66363528		Gloves	Campaign
ArmorPart	SPGlovesSuitN	175545318		Gloves	Campaign
ArmorPart	SPHelmetSuitA	2437043116		HeadGear	Campaign
ArmorPart	SPHelmetSuitB	2617341301		HeadGear	Campaign
ArmorPart	SPHelmetSuitC	2562746562		HeadGear	Campaign
ArmorPart	SPHelmetSuitD	2257008839		HeadGear	Campaign
ArmorPart	SPHelmetSuitE	2185635184		HeadGear	Campaign
ArmorPart	SPHelmetSuitF	2399470505		HeadGear	Campaign
ArmorPart	SPHelmetSuitG	2344885790		HeadGear	Campaign
ArmorPart	SPHelmetSuitH	3012273059		HeadGear	Campaign
ArmorPart	SPHelmetSuitI	3075128852		HeadGear	Campaign
ArmorPart	SPPantsSuitA	3835577000		Pants	Campaign
ArmorPart	SPPantsSuitB	3923600497		Pants	Campaign
ArmorPart	SPPantsSuitC	3978066374		Pants	Campaign
ArmorPart	SPPantsSuitD	4082837955		Pants	Campaign
ArmorPart	SPPantsSuitE	4154078324		Pants	Campaign
ArmorPart	SPPantsSuitF	4208530093		Pants	Campaign
ArmorPart	SPPantsSuitG	4262989594		Pants	Campaign
ArmorPart	SPPantsSuitH	3327636135		Pants	Campaign
ArmorPart	SPPantsSuitI	3264655120		Pants	Campaign
ArmorPart	SPPantsSuitJ	3486878153		Pants	Campaign
ArmorPart	SPPantsSuitK	3407123582		Pants	Campaign
ArmorPart	SPPantsSuitL	3579036795		Pants	Campaign
ArmorPart	SPTorsoSuitA	1912724803		Torso	Campaign
ArmorPart	SPTorsoSuitB	2135096218		Torso	Campaign
ArmorPart	SPTorsoSuitC	2072241709		Torso	Campaign
ArmorPart	SPTorsoSuitD	1707390504		Torso	Campaign
ArmorPart	SPTorsoSuitE	1627761567		Torso	Campaign
ArmorPart	SPTorsoSuitF	1816563014		Torso	Campaign
ArmorPart	SPTorsoSuitG	1753714929		Torso	Campaign
ArmorPart	SPTorsoSuitH	1355296076		Torso	Campaign
ArmorPart	SPTorsoSuitI	1409888507		Torso	Campaign
ArmorPart	SPTorsoSuitJ	1498027554		Torso	Campaign
ArmorPart	SPTorsoSuitK	1569393557		Torso	Campaign
ArmorPart	SPTorsoSuitL	1137466256		Torso	Campaign
Attachment	ADV_Merc_Assault_ACE.ADV_Ammo_AP	2077677861	ADV_Ammo_AP	Ammo	Merc
Attachment	ADV_Merc_Assault_ACE.ADV_Ammo_MatchGrade	3591025576	ADV_Ammo_MatchGrade	Ammo	Merc
Attachment	ADV_Merc_Assault_ACE.ADV_FP_Assault_MuzzleBreak	3531196874	ADV_FP_Assault_MuzzleBreak	Muzzle	Merc
Attachment	ADV_Merc_Assault_ACE.ADV_FP_Assault_Sight_Holo	4259080043	ADV_FP_Assault_Sight_Holo	Optic	Merc
Attachment	ADV_Merc_Assault_ACE.ADV_FP_Assault_Sight_RedDot	1178484984	ADV_FP_Assault_Sight_RedDot	Optic	Merc
Attachment	ADV_Merc_Assault_ACE.ADV_FP_Assault_Sight_ScopeAcog	575179415	ADV_FP_Assault_Sight_ScopeAcog	Optic	Merc
Attachment	ADV_Merc_Assault_ACE.ADV_FP_Assault_Silencer	3114004570	ADV_FP_Assault_Silencer	Muzzle	Merc
Attachment	ADV_Merc_Assault_ACE.ADV_Internal_BarrelAcc	1407870161	ADV_Internal_BarrelAcc	Internal	Merc
Attachment	ADV_Merc_Assault_ACE.ADV_Internal_Blueprinting	3972355356	ADV_Internal_Blueprinting	Internal	Merc
Attachment	ADV_Merc_Assault_ACE.ADV_Internal_MatchGradeTrigger	2216388930	ADV_Internal_MatchGradeTrigger	Internal	Merc
Attachment	ADV_Merc_Assault_ACE.ADV_Internal_RecoilBufferAdj	2646463584	ADV_Internal_RecoilBufferAdj	Internal	Merc
Attachment	ADV_Merc_Assault_ACE.ADV_Internal_WeightBalance	480015633	ADV_Internal_WeightBalance	Internal	Merc
Attachment	ADV_Merc_Assault_AK47.ADV_Ammo_AP	3807744832	ADV_Ammo_AP	Ammo	Merc
Attachment	ADV_Merc_Assault_AK47.ADV_Ammo_MatchGrade	4175643888	ADV_Ammo_MatchGrade	Ammo	Merc
Attachment	ADV_Merc_Assault_AK47.ADV_FP_Assault_MuzzleBreak	1701166590	ADV_FP_Assault_MuzzleBreak	Muzzle	Merc
Attachment	ADV_Merc_Assault_AK47.ADV_FP_Assault_Sight_Holo	1221092673	ADV_FP_Assault_Sight_Holo	Optic	Merc
Attachment	ADV_Merc_Assault_AK47.ADV_FP_Assault_Sight_RedDot	2176796608	ADV_FP_Assault_Sight_RedDot	Optic	Merc
Attachment	ADV_Merc_Assault_AK47.ADV_FP_Assault_Sight_ScopeAcog	1869816834	ADV_FP_Assault_Sight_ScopeAcog	Optic	Merc
Attachment	ADV_Merc_Assault_AK47.ADV_FP_Assault_Silencer	792854867	ADV_FP_Assault_Silencer	Muzzle	Merc
Attachment	ADV_Merc_Assault_AK47.ADV_Internal_BarrelAcc	4284314218	ADV_Internal_BarrelAcc	Internal	Merc
Attachment	ADV_Merc_Assault_AK47.ADV_Internal_Blueprinting	1506891574	ADV_Internal_Blueprinting	Internal	Merc
Attachment	ADV_Merc_Assault_AK47.ADV_Internal_MatchGradeTrigger	3374368727	ADV_Internal_MatchGradeTrigger	Internal	Merc
Attachment	ADV_Merc_Assault_AK47.ADV_Internal_RecoilBufferAdj	1866519887	ADV_Internal_RecoilBufferAdj	Internal	Merc
Attachment	ADV_Merc_Assault_AK47.ADV_Internal_WeightBalance	2877292837	ADV_Internal_WeightBalance	Internal	Merc
Attachment	ADV_Merc_Assault_ARX160.ADV_Ammo_AP	1196014103	ADV_Ammo_AP	Ammo	Merc
Attachment	ADV_Merc_Assault_ARX160.ADV_Ammo_MatchGrade	2270606877	ADV_Ammo_MatchGrade	Ammo	Merc
Attachment	ADV_Merc_Assault_ARX160.ADV_FP_Assault_MuzzleBreak	1598146947	ADV_FP_Assault_MuzzleBreak	Muzzle	Merc
Attachment	ADV_Merc_Assault_ARX160.ADV_FP_Assault_Sight_Holo	3158085786	ADV_FP_Assault_Sight_Holo	Optic	Merc
Attachment	ADV_Merc_Assault_ARX160.ADV_FP_Assault_Sight_RedDot	1358755968	ADV_FP_Assault_Sight_RedDot	Optic	Merc
Attachment	ADV_Merc_Assault_ARX160.ADV_FP_Assault_Sight_ScopeAcog	714830390	ADV_FP_Assault_Sight_ScopeAcog	Optic	Merc
Attachment	ADV_Merc_Assault_ARX160.ADV_FP_Assault_Silencer	1364554045	ADV_FP_Assault_Silencer	Muzzle	Merc
Attachment	ADV_Merc_Assault_ARX160.ADV_Internal_BarrelAcc	564566511	ADV_Internal_BarrelAcc	Internal	Merc
Attachment	ADV_Merc_Assault_ARX160.ADV_Internal_Blueprinting	2904924909	ADV_Internal_Blueprinting	Internal	Merc
Attachment	ADV_Merc_Assault_ARX160.ADV_Internal_MatchGradeTrigger	2361954787	ADV_Internal_MatchGradeTrigger	Internal	Merc
Attachment	ADV_Merc_Assault_ARX160.ADV_Internal_RecoilBufferAdj	1528292999	ADV_Internal_RecoilBufferAdj	Internal	Merc
Attachment	ADV_Merc_Assault_ARX160.ADV_Internal_WeightBalance	2443474264	ADV_Internal_WeightBalance	Internal	Merc
Attachment	ADV_Merc_Assault_FAMASG2.ADV_Ammo_AP	1179057383	ADV_Ammo_AP	Ammo	Merc
Attachment	ADV_Merc_Assault_FAMASG2.ADV_Ammo_MatchGrade	2428045808	ADV_Ammo_MatchGrade	Ammo	Merc
Attachment	ADV_Merc_Assault_FAMASG2.ADV_FP_Assault_MuzzleBreak	721988024	ADV_FP_Assault_MuzzleBreak	Muzzle	Merc
Attachment	ADV_Merc_Assault_FAMASG2.ADV_FP_Assault_Sight_Holo	2872731269	ADV_FP_Assault_Sight_Holo	Optic	Merc
Attachment	ADV_Merc_Assault_FAMASG2.ADV_FP_Assault_Sight_RedDot	2951812881	ADV_FP_Assault_Sight_RedDot	Optic	Merc
Attachment	ADV_Merc_Assault_FAMASG2.ADV_FP_Assault_Sight_ScopeAcog	719085512	ADV_FP_Assault_Sight_ScopeAcog	Optic	Merc
Attachment	ADV_Merc_Assault_FAMASG2.ADV_FP_Assault_Silencer	992448264	ADV_FP_Assault_Silencer	Muzzle	Merc
Attachment	ADV_Merc_Assault_FAMASG2.ADV_Internal_BarrelAcc	1248748791	ADV_Internal_BarrelAcc	Internal	Merc
Attachment	ADV_Merc_Assault_FAMASG2.ADV_Internal_Blueprinting	3122877682	ADV_Internal_Blueprinting	Internal	Merc
Attachment	ADV_Merc_Assault_FAMASG2.ADV_Internal_MatchGradeTrigger	2358230045	ADV_Internal_MatchGradeTrigger	Internal	Merc
Attachment	ADV_Merc_Assault_FAMASG2.ADV_Internal_RecoilBufferAdj	2050280769	ADV_Internal_RecoilBufferAdj	Internal	Merc
Attachment	ADV_Merc_Assault_FAMASG2.ADV_Internal_WeightBalance	3857519971	ADV_Internal_WeightBalance	Internal	Merc
Attachment	ADV_Merc_Assault_G36C.ADV_Ammo_AP	679235742	ADV_Ammo_AP	Ammo	Merc
Attachment	ADV_Merc_Assault_G36C.ADV_Ammo_MatchGrade	2132467399	ADV_Ammo_MatchGrade	Ammo	Merc
Attachment	ADV_Merc_Assault_G36C.ADV_FP_Assault_MuzzleBreak	1652562656	ADV_FP_Assault_MuzzleBreak	Muzzle	Merc
Attachment	ADV_Merc_Assault_G36C.ADV_FP_Assault_Sight_Holo	2040851160	ADV_FP_Assault_Sight_Holo	Optic	Merc
Attachment	ADV_Merc_Assault_G36C.ADV_FP_Assault_Sight_RedDot	4045920541	ADV_FP_Assault_Sight_RedDot	Optic	Merc
Attachment	ADV_Merc_Assault_G36C.ADV_FP_Assault_Sight_ScopeAcog	416980975	ADV_FP_Assault_Sight_ScopeAcog	Optic	Merc
Attachment	ADV_Merc_Assault_G36C.ADV_FP_Assault_Silencer	3236446768	ADV_FP_Assault_Silencer	Muzzle	Merc
Attachment	ADV_Merc_Assault_G36C.ADV_Internal_BarrelAcc	1024989901	ADV_Internal_BarrelAcc	Internal	Merc
Attachment	ADV_Merc_Assault_G36C.ADV_Internal_Blueprinting	1757272239	ADV_Internal_Blueprinting	Internal	Merc
Attachment	ADV_Merc_Assault_G36C.ADV_Internal_MatchGradeTrigger	3196681274	ADV_Internal_MatchGradeTrigger	Internal	Merc
Attachment	ADV_Merc_Assault_G36C.ADV_Internal_RecoilBufferAdj	1332117739	ADV_Internal_RecoilBufferAdj	Internal	Merc
Attachment	ADV_Merc_Assault_G36C.ADV_Internal_WeightBalance	2892342843	ADV_Internal_WeightBalance	Internal	Merc
Attachment	ADV_Merc_Assault_Goblin.ADV_Ammo_AP	1766959993	ADV_Ammo_AP	Ammo	Merc
Attachment	ADV_Merc_Assault_Goblin.ADV_Ammo_MatchGrade	4290356290	ADV_Ammo_MatchGrade	Ammo	Merc
Attachment	ADV_Merc_Assault_Goblin.ADV_FP_Assault_MuzzleBreak	2051586057	ADV_FP_Assault_MuzzleBreak	Muzzle	Merc
Attachment	ADV_Merc_Assault_Goblin.ADV_FP_Assault_Sight_Holo	2826339338	ADV_FP_Assault_Sight_Holo	Optic	Merc
Attachment	ADV_Merc_Assault_Goblin.ADV_FP_Assault_Sight_RedDot	375375817	ADV_FP_Assault_Sight_RedDot	Optic	Merc
Attachment	ADV_Merc_Assault_Goblin.ADV_FP_Assault_Sight_ScopeAcog	1457984431	ADV_FP_Assault_Sight_ScopeAcog	Optic	Merc
Attachment	ADV_Merc_Assault_Goblin.ADV_FP_Assault_Silencer	1141062089	ADV_FP_Assault_Silencer	Muzzle	Merc
Attachment	ADV_Merc_Assault_Goblin.ADV_Internal_BarrelAcc	767046462	ADV_Internal_BarrelAcc	Internal	Merc
Attachment	ADV_Merc_Assault_Goblin.ADV_Internal_Blueprinting	3111106173	ADV_Internal_Blueprinting	Internal	Merc
Attachment	ADV_Merc_Assault_Goblin.ADV_Internal_MatchGradeTrigger	4038389882	ADV_Internal_MatchGradeTrigger	Internal	Merc
Attachment	ADV_Merc_Assault_Goblin.ADV_Internal_RecoilBufferAdj	1293862336	ADV_Internal_RecoilBufferAdj	Internal	Merc
Attachment	ADV_Merc_Assault_Goblin.ADV_Internal_WeightBalance	3031237842	ADV_Internal_WeightBalance	Internal	Merc
Attachment	ADV_Merc_Assault_HoneyBadger.ADV_Ammo_AP	3329029028	ADV_Ammo_AP	Ammo	Merc
Attachment	ADV_Merc_Assault_HoneyBadger.ADV_Ammo_MatchGrade	3898183786	ADV_Ammo_MatchGrade	Ammo	Merc
Attachment	ADV_Merc_Assault_HoneyBadger.ADV_FP_Assault_Sight_Holo	3219562642	ADV_FP_Assault_Sight_Holo	Optic	Merc
Attachment	ADV_Merc_Assault_HoneyBadger.ADV_FP_Assault_Sight_RedDot	534707937	ADV_FP_Assault_Sight_RedDot	Optic	Merc
Attachment	ADV_Merc_Assault_HoneyBadger.ADV_FP_Assault_Sight_ScopeAcog	4034781833	ADV_FP_Assault_Sight_ScopeAcog	Optic	Merc
Attachment	ADV_Merc_Assault_HoneyBadger.ADV_Internal_BarrelAcc	1068480912	ADV_Internal_BarrelAcc	Internal	Merc
Attachment	ADV_Merc_Assault_HoneyBadger.ADV_Internal_Blueprinting	2935984869	ADV_Internal_Blueprinting	Internal	Merc
Attachment	ADV_Merc_Assault_HoneyBadger.ADV_Internal_MatchGradeTrigger	1445855580	ADV_Internal_MatchGradeTrigger	Internal	Merc
Attachment	ADV_Merc_Assault_HoneyBadger.ADV_Internal_RecoilBufferAdj	4080803745	ADV_Internal_RecoilBufferAdj	Internal	Merc
Attachment	ADV_Merc_Assault_HoneyBadger.ADV_Internal_WeightBalance	3081716432	ADV_Internal_WeightBalance	Internal	Merc
Attachment	ADV_Merc_Assault_M416.ADV_Ammo_AP	2132823988	ADV_Ammo_AP	Ammo	Merc
Attachment	ADV_Merc_Assault_M416.ADV_Ammo_MatchGrade	3102830183	ADV_Ammo_MatchGrade	Ammo	Merc
Attachment	ADV_Merc_Assault_M416.ADV_FP_Assault_MuzzleBreak	107847267	ADV_FP_Assault_MuzzleBreak	Muzzle	Merc
Attachment	ADV_Merc_Assault_M416.ADV_FP_Assault_Sight_Holo	3689307739	ADV_FP_Assault_Sight_Holo	Optic	Merc
Attachment	ADV_Merc_Assault_M416.ADV_FP_Assault_Sight_RedDot	2500653742	ADV_FP_Assault_Sight_RedDot	Optic	Merc
Attachment	ADV_Merc_Assault_M416.ADV_FP_Assault_Sight_ScopeAcog	923597147	ADV_FP_Assault_Sight_ScopeAcog	Optic	Merc
Attachment	ADV_Merc_Assault_M416.ADV_FP_Assault_Silencer	3041070543	ADV_FP_Assault_Silencer	Muzzle	Merc
Attachment	ADV_Merc_Assault_M416.ADV_Internal_BarrelAcc	1121598366	ADV_Internal_BarrelAcc	Internal	Merc
Attachment	ADV_Merc_Assault_M416.ADV_Internal_Blueprinting	3405737004	ADV_Internal_Blueprinting	Internal	Merc
Attachment	ADV_Merc_Assault_M416.ADV_Internal_MatchGradeTrigger	2438929038	ADV_Internal_MatchGradeTrigger	Internal	Merc
Attachment	ADV_Merc_Assault_M416.ADV_Internal_RecoilBufferAdj	4286513255	ADV_Internal_RecoilBufferAdj	Internal	Merc
Attachment	ADV_Merc_Assault_M416.ADV_Internal_WeightBalance	3364364984	ADV_Internal_WeightBalance	Internal	Merc
Attachment	ADV_Merc_Assault_SA58.ADV_Ammo_AP	553499037	ADV_Ammo_AP	Ammo	Merc
Attachment	ADV_Merc_Assault_SA58.ADV_Ammo_MatchGrade	3750194880	ADV_Ammo_MatchGrade	Ammo	Merc
Attachment	ADV_Merc_Assault_SA58.ADV_FP_Assault_MuzzleBreak	2492291864	ADV_FP_Assault_MuzzleBreak	Muzzle	Merc
Attachment	ADV_Merc_Assault_SA58.ADV_FP_Assault_Sight_Holo	2407042529	ADV_FP_Assault_Sight_Holo	Optic	Merc
Attachment	ADV_Merc_Assault_SA58.ADV_FP_Assault_Sight_RedDot	1583465709	ADV_FP_Assault_Sight_RedDot	Optic	Merc
Attachment	ADV_Merc_Assault_SA58.ADV_FP_Assault_Sight_ScopeAcog	1255376928	ADV_FP_Assault_Sight_ScopeAcog	Optic	Merc
Attachment	ADV_Merc_Assault_SA58.ADV_FP_Assault_Silencer	3091779700	ADV_FP_Assault_Silencer	Muzzle	Merc
Attachment	ADV_Merc_Assault_SA58.ADV_Internal_BarrelAcc	169957789	ADV_Internal_BarrelAcc	Internal	Merc
Attachment	ADV_Merc_Assault_SA58.ADV_Internal_Blueprinting	2657206166	ADV_Internal_Blueprinting	Internal	Merc
Attachment	ADV_Merc_Assault_SA58.ADV_Internal_MatchGradeTrigger	3967839221	ADV_Internal_MatchGradeTrigger	Internal	Merc
Attachment	ADV_Merc_Assault_SA58.ADV_Internal_RecoilBufferAdj	3329309695	ADV_Internal_RecoilBufferAdj	Internal	Merc
Attachment	ADV_Merc_Assault_SA58.ADV_Internal_WeightBalance	1516824515	ADV_Internal_WeightBalance	Internal	Merc
Attachment	ADV_Merc_LMG_HKMG4.ADV_FP_Assault_Sight_Holo	1540450467	ADV_FP_Assault_Sight_Holo	Optic	Merc
Attachment	ADV_Merc_LMG_HKMG4.ADV_FP_Assault_Sight_RedDot	3806884450	ADV_FP_Assault_Sight_RedDot	Optic	Merc
Attachment	ADV_Merc_LMG_HKMG4.ADV_Internal_BarrelAcc	2475473333	ADV_Internal_BarrelAcc	Internal	Merc
Attachment	ADV_Merc_LMG_HKMG4.ADV_Internal_Blueprinting	1254644436	ADV_Internal_Blueprinting	Internal	Merc
Attachment	ADV_Merc_LMG_HKMG4.ADV_Internal_MatchGradeTrigger	2875100012	ADV_Internal_MatchGradeTrigger	Internal	Merc
Attachment	ADV_Merc_LMG_HKMG4.ADV_Internal_RecoilBufferAdj	2542726938	ADV_Internal_RecoilBufferAdj	Internal	Merc
Attachment	ADV_Merc_LMG_HKMG4.ADV_Internal_WeightBalance	1740113215	ADV_Internal_WeightBalance	Internal	Merc
Attachment	ADV_Merc_LMG_U100.ADV_FP_Assault_Sight_Holo	199063511	ADV_FP_Assault_Sight_Holo	Optic	Merc
Attachment	ADV_Merc_LMG_U100.ADV_FP_Assault_Sight_RedDot	1765560889	ADV_FP_Assault_Sight_RedDot	Optic	Merc
Attachment	ADV_Merc_LMG_U100.ADV_Internal_BarrelAcc	2167822773	ADV_Internal_BarrelAcc	Internal	Merc
Attachment	ADV_Merc_LMG_U100.ADV_Internal_Blueprinting	449070496	ADV_Internal_Blueprinting	Internal	Merc
Attachment	ADV_Merc_LMG_U100.ADV_Internal_MatchGradeTrigger	1325783126	ADV_Internal_MatchGradeTrigger	Internal	Merc
Attachment	ADV_Merc_LMG_U100.ADV_Internal_RecoilBufferAdj	3302579036	ADV_Internal_RecoilBufferAdj	Internal	Merc
Attachment	ADV_Merc_LMG_U100.ADV_Internal_WeightBalance	2488820251	ADV_Internal_WeightBalance	Internal	Merc
Attachment	ADV_Merc_Pistol_DesertEagle.ADV_Ammo_AP	2456931143	ADV_Ammo_AP	Ammo	Merc
Attachment	ADV_Merc_Pistol_DesertEagle.ADV_Ammo_MatchGrade	931358111	ADV_Ammo_MatchGrade	Ammo	Merc
Attachment	ADV_Merc_Pistol_DesertEagle.ADV_FP_Pistol_Silencer	3447516630	ADV_FP_Pistol_Silencer	Muzzle	Merc
Attachment	ADV_Merc_Pistol_DesertEagle.ADV_Internal_Blueprinting	1878832415	ADV_Internal_Blueprinting	Internal	Merc
Attachment	ADV_Merc_Pistol_DesertEagle.ADV_Internal_MatchGradeTrigger	1028976090	ADV_Internal_MatchGradeTrigger	Internal	Merc
Attachment	ADV_Merc_Pistol_DesertEagle.ADV_Internal_WeightBalance	291269160	ADV_Internal_WeightBalance	Internal	Merc
Attachment	ADV_Merc_Pistol_Makarov.ADV_Ammo_AP	3702674099	ADV_Ammo_AP	Ammo	Merc
Attachment	ADV_Merc_Pistol_Makarov.ADV_Ammo_MatchGrade	2370054625	ADV_Ammo_MatchGrade	Ammo	Merc
Attachment	ADV_Merc_Pistol_Makarov.ADV_FP_Pistol_Silencer	2638244189	ADV_FP_Pistol_Silencer	Muzzle	Merc
Attachment	ADV_Merc_Pistol_Makarov.ADV_Internal_Blueprinting	2514873494	ADV_Internal_Blueprinting	Internal	Merc
Attachment	ADV_Merc_Pistol_Makarov.ADV_Internal_MatchGradeTrigger	914518281	ADV_Internal_MatchGradeTrigger	Internal	Merc
Attachment	ADV_Merc_Pistol_Makarov.ADV_Internal_WeightBalance	1516462992	ADV_Internal_WeightBalance	Internal	Merc
Attachment	ADV_Merc_Pistol_Px4.ADV_Ammo_AP	2365181295	ADV_Ammo_AP	Ammo	Merc
Attachment	ADV_Merc_Pistol_Px4.ADV_Ammo_MatchGrade	517676921	ADV_Ammo_MatchGrade	Ammo	Merc
Attachment	ADV_Merc_Pistol_Px4.ADV_FP_Pistol_Silencer	1811408543	ADV_FP_Pistol_Silencer	Muzzle	Merc
Attachment	ADV_Merc_Pistol_Px4.ADV_Internal_BarrelAcc	2529390076	ADV_Internal_BarrelAcc	Internal	Merc
Attachment	ADV_Merc_Pistol_Px4.ADV_Internal_Blueprinting	2900775478	ADV_Internal_Blueprinting	Internal	Merc
Attachment	ADV_Merc_Pistol_Px4.ADV_Internal_MatchGradeTrigger	1777661053	ADV_Internal_MatchGradeTrigger	Internal	Merc
Attachment	ADV_Merc_Pistol_Px4.ADV_Internal_WeightBalance	2876585504	ADV_Internal_WeightBalance	Internal	Merc
Attachment	ADV_Merc_Shotgun_AA12.ADV_Internal_BarrelAcc	2885061262	ADV_Internal_BarrelAcc	Internal	Merc
Attachment	ADV_Merc_Shotgun_AA12.ADV_Internal_MatchGradeTrigger	1331559950	ADV_Internal_MatchGradeTrigger	Internal	Merc
Attachment	ADV_Merc_Shotgun_AA12.ADV_Internal_WeightBalance	3773117507	ADV_Internal_WeightBalance	Internal	Merc
Attachment	ADV_Merc_Shotgun_M1014.ADV_FP_Assault_Sight_Holo	1199988957	ADV_FP_Assault_Sight_Holo	Optic	Merc
Attachment	ADV_Merc_Shotgun_M1014.ADV_Internal_BarrelAcc	801431007	ADV_Internal_BarrelAcc	Internal	Merc
Attachment	ADV_Merc_Shotgun_M1014.ADV_Internal_MatchGradeTrigger	3056776112	ADV_Internal_MatchGradeTrigger	Internal	Merc
Attachment	ADV_Merc_Shotgun_M1014.ADV_Internal_WeightBalance	3147755482	ADV_Internal_WeightBalance	Internal	Merc
Attachment	ADV_Merc_Shotgun_RMB93.ADV_FP_Assault_Sight_Holo	1138330688	ADV_FP_Assault_Sight_Holo	Optic	Merc
Attachment	ADV_Merc_Shotgun_RMB93.ADV_Internal_BarrelAcc	1621919074	ADV_Internal_BarrelAcc	Internal	Merc
Attachment	ADV_Merc_Shotgun_RMB93.ADV_Internal_MatchGradeTrigger	2793943406	ADV_Internal_MatchGradeTrigger	Internal	Merc
Attachment	ADV_Merc_Shotgun_RMB93.ADV_Internal_WeightBalance	2940865915	ADV_Internal_WeightBalance	Internal	Merc
Attachment	ADV_Merc_Shotgun_Saiga12.ADV_FP_Assault_Sight_Holo	1653642509	ADV_FP_Assault_Sight_Holo	Optic	Merc
Attachment	ADV_Merc_Shotgun_Saiga12.ADV_Internal_BarrelAcc	2175339126	ADV_Internal_BarrelAcc	Internal	Merc
Attachment	ADV_Merc_Shotgun_Saiga12.ADV_Internal_MatchGradeTrigger	2816107714	ADV_Internal_MatchGradeTrigger	Internal	Merc
Attachment	ADV_Merc_Shotgun_Saiga12.ADV_Internal_WeightBalance	2854269638	ADV_Internal_WeightBalance	Internal	Merc
Attachment	ADV_Spy_Pistol_F40.Internal_BarrelAcc	1047892069	Internal_BarrelAcc	Internal	Spy
Attachment	ADV_Spy_Pistol_F40.Internal_Blueprinting	4194155763	Internal_Blueprinting	Internal	Spy
Attachment	ADV_Spy_Pistol_F40.Internal_MatchGradeTrigger	954626230	Internal_MatchGradeTrigger	Internal	Spy
Attachment	ADV_Spy_Pistol_F40.Internal_WeightBalance	3782202940	Internal_WeightBalance	Internal	Spy
Attachment	ADV_Spy_Pistol_F40.Pistol_Ammo_AP	1602934313	Pistol_Ammo_AP	Ammo	Spy
Attachment	ADV_Spy_Pistol_F40.Pistol_Ammo_MatchGrade	4156890446	Pistol_Ammo_MatchGrade	Ammo	Spy
Attachment	ADV_Spy_Pistol_F40.Pistol_Suppressor	3827563728	Pistol_Suppressor	Muzzle	Spy
Attachment	ADV_Spy_Pistol_FiveSeven.Internal_BarrelAcc	3706597882	Internal_BarrelAcc	Internal	Spy
Attachment	ADV_Spy_Pistol_FiveSeven.Internal_Blueprinting	3981284053	Internal_Blueprinting	Internal	Spy
Attachment	ADV_Spy_Pistol_FiveSeven.Internal_MatchGradeTrigger	1182341106	Internal_MatchGradeTrigger	Internal	Spy
Attachment	ADV_Spy_Pistol_FiveSeven.Internal_WeightBalance	1675533632	Internal_WeightBalance	Internal	Spy
Attachment	ADV_Spy_Pistol_FiveSeven.Pistol_Ammo_AP	2177194561	Pistol_Ammo_AP	Ammo	Spy
Attachment	ADV_Spy_Pistol_FiveSeven.Pistol_Ammo_MatchGrade	1970558514	Pistol_Ammo_MatchGrade	Ammo	Spy
Attachment	ADV_Spy_Pistol_Proto.Internal_Blueprinting	3126580921	Internal_Blueprinting	Internal	Spy
Attachment	ADV_Spy_Pistol_Proto.Internal_MatchGradeTrigger	4049657598	Internal_MatchGradeTrigger	Internal	Spy
Attachment	ADV_Spy_Pistol_Proto.Internal_WeightBalance	4196456183	Internal_WeightBalance	Internal	Spy
Attachment	ADV_Spy_Pistol_Proto.Pistol_Ammo_AP	3502533003	Pistol_Ammo_AP	Ammo	Spy
Attachment	ADV_Spy_Pistol_Proto.Pistol_Ammo_MatchGrade	3968474501	Pistol_Ammo_MatchGrade	Ammo	Spy
Attachment	ADV_Spy_Pistol_USP45.Internal_Blueprinting	3875240327	Internal_Blueprinting	Internal	Spy
Attachment	ADV_Spy_Pistol_USP45.Internal_MatchGradeTrigger	1941379762	Internal_MatchGradeTrigger	Internal	Spy
Attachment	ADV_Spy_Pistol_USP45.Internal_WeightBalance	314620866	Internal_WeightBalance	Internal	Spy
Attachment	ADV_Spy_Pistol_USP45.Pistol_Ammo_AP	1633232529	Pistol_Ammo_AP	Ammo	Spy
Attachment	ADV_Spy_Pistol_USP45.Pistol_Ammo_MatchGrade	74084528	Pistol_Ammo_MatchGrade	Ammo	Spy
Attachment	ADV_Spy_Pistol_USP45.Pistol_Suppressor	3308385745	Pistol_Suppressor	Muzzle	Spy
Attachment	ADV_Spy_SMG_MAC11.Internal_BarrelAcc	1036918527	Internal_BarrelAcc	Internal	Spy
Attachment	ADV_Spy_SMG_MAC11.Internal_Blueprinting	683876750	Internal_Blueprinting	Internal	Spy
Attachment	ADV_Spy_SMG_MAC11.Internal_MatchGradeTrigger	844490966	Internal_MatchGradeTrigger	Internal	Spy
Attachment	ADV_Spy_SMG_MAC11.Internal_RecoilBufferAdj	1525804001	Internal_RecoilBufferAdj	Internal	Spy
Attachment	ADV_Spy_SMG_MAC11.Internal_WeightBalance	818377621	Internal_WeightBalance	Internal	Spy
Attachment	ADV_Spy_SMG_MAC11.Optic_HoloSight	2146101038	Optic_HoloSight	Optic	Spy
Attachment	ADV_Spy_SMG_MAC11.Optic_RedDot	3624157649	Optic_RedDot	Optic	Spy
Attachment	ADV_Spy_SMG_MAC11.SMG_Ammo_AP	2407719902	SMG_Ammo_AP	Ammo	Spy
Attachment	ADV_Spy_SMG_MAC11.SMG_Ammo_MatchGrade	1521203290	SMG_Ammo_MatchGrade	Ammo	Spy
Attachment	ADV_Spy_SMG_MAC11.SMG_Suppressor	527248164	SMG_Suppressor	Muzzle	Spy
Attachment	ADV_Spy_SMG_MP5.Internal_BarrelAcc	1152037317	Internal_BarrelAcc	Internal	Spy
Attachment	ADV_Spy_SMG_MP5.Internal_Blueprinting	4223802520	Internal_Blueprinting	Internal	Spy
Attachment	ADV_Spy_SMG_MP5.Internal_MatchGradeTrigger	3683034213	Internal_MatchGradeTrigger	Internal	Spy
Attachment	ADV_Spy_SMG_MP5.Internal_RecoilBufferAdj	3475036892	Internal_RecoilBufferAdj	Internal	Spy
Attachment	ADV_Spy_SMG_MP5.Internal_WeightBalance	1719919722	Internal_WeightBalance	Internal	Spy
Attachment	ADV_Spy_SMG_MP5.Optic_HoloSight	727896854	Optic_HoloSight	Optic	Spy
Attachment	ADV_Spy_SMG_MP5.Optic_RedDot	4133243571	Optic_RedDot	Optic	Spy
Attachment	ADV_Spy_SMG_MP5.SMG_Ammo_AP	3618915480	SMG_Ammo_AP	Ammo	Spy
Attachment	ADV_Spy_SMG_MP5.SMG_Ammo_MatchGrade	2708105139	SMG_Ammo_MatchGrade	Ammo	Spy
Attachment	ADV_Spy_SMG_MP5.SMG_Suppressor	2683495654	SMG_Suppressor	Muzzle	Spy
Attachment	ADV_Spy_SMG_MP7.Internal_BarrelAcc	2779848386	Internal_BarrelAcc	Internal	Spy
Attachment	ADV_Spy_SMG_MP7.Internal_Blueprinting	3544365817	Internal_Blueprinting	Internal	Spy
Attachment	ADV_Spy_SMG_MP7.Internal_MatchGradeTrigger	3565948141	Internal_MatchGradeTrigger	Internal	Spy
Attachment	ADV_Spy_SMG_MP7.Internal_RecoilBufferAdj	3507791928	Internal_RecoilBufferAdj	Internal	Spy
Attachment	ADV_Spy_SMG_MP7.Internal_WeightBalance	3469721580	Internal_WeightBalance	Internal	Spy
Attachment	ADV_Spy_SMG_MP7.Optic_HoloSight	4207627848	Optic_HoloSight	Optic	Spy
Attachment	ADV_Spy_SMG_MP7.Optic_RedDot	38650386	Optic_RedDot	Optic	Spy
Attachment	ADV_Spy_SMG_MP7.SMG_Ammo_AP	2728152949	SMG_Ammo_AP	Ammo	Spy
Attachment	ADV_Spy_SMG_MP7.SMG_Ammo_MatchGrade	3217828889	SMG_Ammo_MatchGrade	Ammo	Spy
Attachment	ADV_Spy_SMG_MP7.SMG_Suppressor	1341427355	SMG_Suppressor	Muzzle	Spy
Attachment	ADV_Spy_SMG_PP19.Internal_BarrelAcc	3099128550	Internal_BarrelAcc	Internal	Spy
Attachment	ADV_Spy_SMG_PP19.Internal_Blueprinting	1265638504	Internal_Blueprinting	Internal	Spy
Attachment	ADV_Spy_SMG_PP19.Internal_MatchGradeTrigger	2050044882	Internal_MatchGradeTrigger	Internal	Spy
Attachment	ADV_Spy_SMG_PP19.Internal_RecoilBufferAdj	4219791955	Internal_RecoilBufferAdj	Internal	Spy
Attachment	ADV_Spy_SMG_PP19.Internal_WeightBalance	4018908003	Internal_WeightBalance	Internal	Spy
Attachment	ADV_Spy_SMG_PP19.Optic_HoloSight	1712587616	Optic_HoloSight	Optic	Spy
Attachment	ADV_Spy_SMG_PP19.Optic_RedDot	492130998	Optic_RedDot	Optic	Spy
Attachment	ADV_Spy_SMG_PP19.SMG_Ammo_AP	2008546622	SMG_Ammo_AP	Ammo	Spy
Attachment	ADV_Spy_SMG_PP19.SMG_Ammo_MatchGrade	888595913	SMG_Ammo_MatchGrade	Ammo	Spy
Attachment	ADV_Spy_SMG_PP2000.Internal_BarrelAcc	769401558	Internal_BarrelAcc	Internal	Spy
Attachment	ADV_Spy_SMG_PP2000.Internal_Blueprinting	2541679442	Internal_Blueprinting	Internal	Spy
Attachment	ADV_Spy_SMG_PP2000.Internal_MatchGradeTrigger	2666018989	Internal_MatchGradeTrigger	Internal	Spy
Attachment	ADV_Spy_SMG_PP2000.Internal_RecoilBufferAdj	1433209907	Internal_RecoilBufferAdj	Internal	Spy
Attachment	ADV_Spy_SMG_PP2000.Internal_WeightBalance	351215306	Internal_WeightBalance	Internal	Spy
Attachment	ADV_Spy_SMG_PP2000.Optic_HoloSight	3266148062	Optic_HoloSight	Optic	Spy
Attachment	ADV_Spy_SMG_PP2000.Optic_RedDot	2622181021	Optic_RedDot	Optic	Spy
Attachment	ADV_Spy_SMG_PP2000.SMG_Ammo_AP	3649479296	SMG_Ammo_AP	Ammo	Spy
Attachment	ADV_Spy_SMG_PP2000.SMG_Ammo_MatchGrade	3763465353	SMG_Ammo_MatchGrade	Ammo	Spy
Attachment	ADV_Spy_SMG_PP2000.SMG_Suppressor	1718723988	SMG_Suppressor	Muzzle	Spy
Attachment	ADV_Spy_SMG_Proto.Internal_BarrelAcc	3572289681	Internal_BarrelAcc	Internal	Spy
Attachment	ADV_Spy_SMG_Proto.Internal_Blueprinting	572622985	Internal_Blueprinting	Internal	Spy
Attachment	ADV_Spy_SMG_Proto.Internal_MatchGradeTrigger	2014281253	Internal_MatchGradeTrigger	Internal	Spy
Attachment	ADV_Spy_SMG_Proto.Internal_RecoilBufferAdj	1839624240	Internal_RecoilBufferAdj	Internal	Spy
Attachment	ADV_Spy_SMG_Proto.Internal_WeightBalance	780845369	Internal_WeightBalance	Internal	Spy
Attachment	ADV_Spy_SMG_Proto.Optic_HoloSight	1785251617	Optic_HoloSight	Optic	Spy
Attachment	ADV_Spy_SMG_Proto.Optic_RedDot	1349484576	Optic_RedDot	Optic	Spy
Attachment	ADV_Spy_SMG_Proto.SMG_Ammo_AP	3595896930	SMG_Ammo_AP	Ammo	Spy
Attachment	ADV_Spy_SMG_Proto.SMG_Ammo_MatchGrade	3395943433	SMG_Ammo_MatchGrade	Ammo	Spy
Attachment	ADV_Spy_SMG_Scorpion.Internal_BarrelAcc	3310584445	Internal_BarrelAcc	Internal	Spy
Attachment	ADV_Spy_SMG_Scorpion.Internal_Blueprinting	1504693457	Internal_Blueprinting	Internal	Spy
Attachment	ADV_Spy_SMG_Scorpion.Internal_MatchGradeTrigger	2182694957	Internal_MatchGradeTrigger	Internal	Spy
Attachment	ADV_Spy_SMG_Scorpion.Internal_RecoilBufferAdj	2620099564	Internal_RecoilBufferAdj	Internal	Spy
Attachment	ADV_Spy_SMG_Scorpion.Internal_WeightBalance	1886259650	Internal_WeightBalance	Internal	Spy
Attachment	ADV_Spy_SMG_Scorpion.Optic_HoloSight	3540222792	Optic_HoloSight	Optic	Spy
Attachment	ADV_Spy_SMG_Scorpion.Optic_RedDot	2590626042	Optic_RedDot	Optic	Spy
Attachment	ADV_Spy_SMG_Scorpion.SMG_Ammo_AP	2771928917	SMG_Ammo_AP	Ammo	Spy
Attachment	ADV_Spy_SMG_Scorpion.SMG_Ammo_MatchGrade	987627078	SMG_Ammo_MatchGrade	Ammo	Spy
Attachment	ADV_Spy_SMG_Scorpion.SMG_Suppressor	1406130756	SMG_Suppressor	Muzzle	Spy
Attachment	ADV_Spy_SMG_UMP45.Internal_BarrelAcc	2876261200	Internal_BarrelAcc	Internal	Spy
Attachment	ADV_Spy_SMG_UMP45.Internal_Blueprinting	2862560428	Internal_Blueprinting	Internal	Spy
Attachment	ADV_Spy_SMG_UMP45.Internal_MatchGradeTrigger	984311701	Internal_MatchGradeTrigger	Internal	Spy
Attachment	ADV_Spy_SMG_UMP45.Internal_RecoilBufferAdj	4266801880	Internal_RecoilBufferAdj	Internal	Spy
Attachment	ADV_Spy_SMG_UMP45.Internal_WeightBalance	2716115470	Internal_WeightBalance	Internal	Spy
Attachment	ADV_Spy_SMG_UMP45.Optic_HoloSight	1826081887	Optic_HoloSight	Optic	Spy
Attachment	ADV_Spy_SMG_UMP45.Optic_RedDot	1630961	Optic_RedDot	Optic	Spy
Attachment	ADV_Spy_SMG_UMP45.SMG_Ammo_AP	1753323937	SMG_Ammo_AP	Ammo	Spy
Attachment	ADV_Spy_SMG_UMP45.SMG_Ammo_MatchGrade	2472406452	SMG_Ammo_MatchGrade	Ammo	Spy
Attachment	ADV_Spy_SMG_UMP45.SMG_Suppressor	640714272	SMG_Suppressor	Muzzle	Spy
Attachment	ADV_Spy_SMG_Vector.Internal_BarrelAcc	716729709	Internal_BarrelAcc	Internal	Spy
Attachment	ADV_Spy_SMG_Vector.Internal_Blueprinting	417345280	Internal_Blueprinting	Internal	Spy
Attachment	ADV_Spy_SMG_Vector.Internal_MatchGradeTrigger	3009469694	Internal_MatchGradeTrigger	Internal	Spy
Attachment	ADV_Spy_SMG_Vector.Internal_RecoilBufferAdj	849188446	Internal_RecoilBufferAdj	Internal	Spy
Attachment	ADV_Spy_SMG_Vector.Internal_WeightBalance	1702170751	Internal_WeightBalance	Internal	Spy
Attachment	ADV_Spy_SMG_Vector.Optic_HoloSight	1679144496	Optic_HoloSight	Optic	Spy
Attachment	ADV_Spy_SMG_Vector.Optic_RedDot	11017751	Optic_RedDot	Optic	Spy
Attachment	ADV_Spy_SMG_Vector.SMG_Ammo_AP	3632103329	SMG_Ammo_AP	Ammo	Spy
Attachment	ADV_Spy_SMG_Vector.SMG_Ammo_MatchGrade	1982058201	SMG_Ammo_MatchGrade	Ammo	Spy
Attachment	ADV_Spy_SMG_Vector.SMG_Suppressor	3969553518	SMG_Suppressor	Muzzle	Spy
Attachment	Crossbow_1H.Crossbow_EMPChaffAmmo	1445210480	Crossbow_EMPChaffAmmo	Ammo	Campaign
Attachment	Crossbow_1H.Crossbow_NoiseMakerAmmo	3857530094	Crossbow_NoiseMakerAmmo	Ammo	Campaign
Attachment	Crossbow_1H.Crossbow_SleepingGasAmmo	2215328076	Crossbow_SleepingGasAmmo	Ammo	Campaign
Attachment	Crossbow_1H_DLC.Crossbow_SleepingGasAmmo	2825619459	Crossbow_SleepingGasAmmo	Ammo	Campaign
Attachment	Pistol_5-7.Internal_BarrelAcc	1921932755	Internal_BarrelAcc	Internal	Campaign
Attachment	Pistol_5-7.Internal_Blueprinting	2784600464	Internal_Blueprinting	Internal	Campaign
Attachment	Pistol_5-7.Internal_MatchGradeTrigger	563176943	Internal_MatchGradeTrigger	Internal	Campaign
Attachment	Pistol_5-7.Internal_WeightBalance	1087713903	Internal_WeightBalance	Internal	Campaign
Attachment	Pistol_5-7.Pistol_Ammo_AP	2877575922	Pistol_Ammo_AP	Ammo	Campaign
Attachment	Pistol_5-7.Pistol_Ammo_HollowPoint	3496550537	Pistol_Ammo_HollowPoint	Ammo	Campaign
Attachment	Pistol_5-7.Pistol_Ammo_MatchGrade	1451227421	Pistol_Ammo_MatchGrade	Ammo	Campaign
Attachment	Pistol_5-7.Pistol_LaserSight	4123425587	Pistol_LaserSight	Foregrip	Campaign
Attachment	Pistol_5-7.Pistol_Optic_RedDot	2901449622	Pistol_Optic_RedDot	Optic	Campaign
Attachment	Pistol_5-7.Pistol_Optic_Reflex	2135531024	Pistol_Optic_Reflex	Optic	Campaign
Attachment	Pistol_DesertEagle.Internal_BarrelAcc	4012757865	Internal_BarrelAcc	Internal	Campaign
Attachment	Pistol_DesertEagle.Internal_Blueprinting	2078152346	Internal_Blueprinting	Internal	Campaign
Attachment	Pistol_DesertEagle.Internal_MatchGradeTrigger	406944997	Internal_MatchGradeTrigger	Internal	Campaign
Attachment	Pistol_DesertEagle.Internal_WeightBalance	1870775054	Internal_WeightBalance	Internal	Campaign
Attachment	Pistol_DesertEagle.Pistol_Ammo_AP	969350351	Pistol_Ammo_AP	Ammo	Campaign
Attachment	Pistol_DesertEagle.Pistol_Ammo_HollowPoint	2015539032	Pistol_Ammo_HollowPoint	Ammo	Campaign
Attachment	Pistol_DesertEagle.Pistol_Ammo_MatchGrade	2032863356	Pistol_Ammo_MatchGrade	Ammo	Campaign
Attachment	Pistol_DesertEagle.Pistol_LaserSight	1040745822	Pistol_LaserSight	Foregrip	Campaign
Attachment	Pistol_DesertEagle.Pistol_Optic_RedDot	1054434224	Pistol_Optic_RedDot	Optic	Campaign
Attachment	Pistol_DesertEagle.Pistol_Optic_Reflex	3982517814	Pistol_Optic_Reflex	Optic	Campaign
Attachment	Pistol_F40.Internal_BarrelAcc	1776895381	Internal_BarrelAcc	Internal	Campaign
Attachment	Pistol_F40.Internal_Blueprinting	159129553	Internal_Blueprinting	Internal	Campaign
Attachment	Pistol_F40.Internal_MatchGradeTrigger	2966749331	Internal_MatchGradeTrigger	Internal	Campaign
Attachment	Pistol_F40.Internal_WeightBalance	1883167249	Internal_WeightBalance	Internal	Campaign
Attachment	Pistol_F40.Pistol_Ammo_AP	1541757688	Pistol_Ammo_AP	Ammo	Campaign
Attachment	Pistol_F40.Pistol_Ammo_HollowPoint	207845004	Pistol_Ammo_HollowPoint	Ammo	Campaign
Attachment	Pistol_F40.Pistol_Ammo_MatchGrade	1720979811	Pistol_Ammo_MatchGrade	Ammo	Campaign
Attachment	Pistol_F40.Pistol_LaserSight	2658704505	Pistol_LaserSight	Foregrip	Campaign
Attachment	Pistol_F40.Pistol_Optic_RedDot	2196488523	Pistol_Optic_RedDot	Optic	Campaign
Attachment	Pistol_F40.Pistol_Optic_Reflex	1364378829	Pistol_Optic_Reflex	Optic	Campaign
Attachment	Pistol_F40.Pistol_Suppressor	1703665034	Pistol_Suppressor	Muzzle	Campaign
Attachment	Pistol_Makarov.Internal_BarrelAcc	2940477865	Internal_BarrelAcc	Internal	Campaign
Attachment	Pistol_Makarov.Internal_Blueprinting	1125521632	Internal_Blueprinting	Internal	Campaign
Attachment	Pistol_Makarov.Internal_MatchGradeTrigger	1614237013	Internal_MatchGradeTrigger	Internal	Campaign
Attachment	Pistol_Makarov.Internal_WeightBalance	2693251121	Internal_WeightBalance	Internal	Campaign
Attachment	Pistol_Makarov.Pistol_Ammo_AP	3044615957	Pistol_Ammo_AP	Ammo	Campaign
Attachment	Pistol_Makarov.Pistol_Ammo_HollowPoint	2492496246	Pistol_Ammo_HollowPoint	Ammo	Campaign
Attachment	Pistol_Makarov.Pistol_Ammo_MatchGrade	3056405315	Pistol_Ammo_MatchGrade	Ammo	Campaign
Attachment	Pistol_Makarov.Pistol_Makarov_Suppressor	3068290189	Pistol_Makarov_Suppressor	Muzzle	Campaign
Attachment	Pistol_PX4.Internal_BarrelAcc	3517008378	Internal_BarrelAcc	Internal	Campaign
Attachment	Pistol_PX4.Internal_Blueprinting	2711287128	Internal_Blueprinting	Internal	Campaign
Attachment	Pistol_PX4.Internal_MatchGradeTrigger	236691281	Internal_MatchGradeTrigger	Internal	Campaign
Attachment	Pistol_PX4.Internal_WeightBalance	995306522	Internal_WeightBalance	Internal	Campaign
Attachment	Pistol_PX4.Pistol_Ammo_AP	1285362151	Pistol_Ammo_AP	Ammo	Campaign
Attachment	Pistol_PX4.Pistol_Ammo_HollowPoint	660852763	Pistol_Ammo_HollowPoint	Ammo	Campaign
Attachment	Pistol_PX4.Pistol_Ammo_MatchGrade	771352424	Pistol_Ammo_MatchGrade	Ammo	Campaign
Attachment	Pistol_PX4.Pistol_LaserSight	2735679876	Pistol_LaserSight	Foregrip	Campaign
Attachment	Pistol_PX4.Pistol_Optic_RedDot	381284973	Pistol_Optic_RedDot	Optic	Campaign
Attachment	Pistol_PX4.Pistol_Optic_Reflex	3305175019	Pistol_Optic_Reflex	Optic	Campaign
Attachment	Pistol_PX4.Pistol_Suppressor	1492936823	Pistol_Suppressor	Muzzle	Campaign
Attachment	Pistol_Proto.Internal_BarrelAcc	3558954442	Internal_BarrelAcc	Internal	Campaign
Attachment	Pistol_Proto.Internal_Blueprinting	321173382	Internal_Blueprinting	Internal	Campaign
Attachment	Pistol_Proto.Internal_MatchGradeTrigger	1394378360	Internal_MatchGradeTrigger	Internal	Campaign
Attachment	Pistol_Proto.Internal_WeightBalance	385120699	Internal_WeightBalance	Internal	Campaign
Attachment	Pistol_Proto.Pistol_Ammo_AP	3368568629	Pistol_Ammo_AP	Ammo	Campaign
Attachment	Pistol_Proto.Pistol_Ammo_HollowPoint	3533716727	Pistol_Ammo_HollowPoint	Ammo	Campaign
Attachment	Pistol_Proto.Pistol_Ammo_MatchGrade	6206153	Pistol_Ammo_MatchGrade	Ammo	Campaign
Attachment	Pistol_Proto.Pistol_LaserSight	1759886793	Pistol_LaserSight	Foregrip	Campaign
Attachment	Pistol_Proto.Pistol_Optic_RedDot	3264094177	Pistol_Optic_RedDot	Optic	Campaign
Attachment	Pistol_Proto.Pistol_Optic_Reflex	288823911	Pistol_Optic_Reflex	Optic	Campaign
Attachment	Pistol_USP45.Internal_BarrelAcc	512466999	Internal_BarrelAcc	Internal	Campaign
Attachment	Pistol_USP45.Internal_Blueprinting	1334057144	Internal_Blueprinting	Internal	Campaign
Attachment	Pistol_USP45.Internal_MatchGradeTrigger	3519758900	Internal_MatchGradeTrigger	Internal	Campaign
Attachment	Pistol_USP45.Internal_WeightBalance	4262728846	Internal_WeightBalance	Internal	Campaign
Attachment	Pistol_USP45.Pistol_Ammo_AP	2035615791	Pistol_Ammo_AP	Ammo	Campaign
Attachment	Pistol_USP45.Pistol_Ammo_HollowPoint	297785953	Pistol_Ammo_HollowPoint	Ammo	Campaign
Attachment	Pistol_USP45.Pistol_Ammo_MatchGrade	3904823292	Pistol_Ammo_MatchGrade	Ammo	Campaign
Attachment	Pistol_USP45.Pistol_LaserSight	3073234430	Pistol_LaserSight	Foregrip	Campaign
Attachment	Pistol_USP45.Pistol_Optic_RedDot	2050084558	Pistol_Optic_RedDot	Optic	Campaign
Attachment	Pistol_USP45.Pistol_Optic_Reflex	2844314440	Pistol_Optic_Reflex	Optic	Campaign
Attachment	Pistol_USP45.Pistol_Suppressor	1289655309	Pistol_Suppressor	Muzzle	Campaign
Attachment	Rifle_AK47.Internal_BarrelAcc	1157027424	Internal_BarrelAcc	Internal	Campaign
Attachment	Rifle_AK47.Internal_Blueprinting	3280258548	Internal_Blueprinting	Internal	Campaign
Attachment	Rifle_AK47.Internal_MatchGradeTrigger	1278060699	Internal_MatchGradeTrigger	Internal	Campaign
Attachment	Rifle_AK47.Internal_RecoilBufferAdj	1719261726	Internal_RecoilBufferAdj	Internal	Campaign
Attachment	Rifle_AK47.Internal_WeightBalance	4279435072	Internal_WeightBalance	Internal	Campaign
Attachment	Rifle_AK47.Optic_ACOG	3659939140	Optic_ACOG	Optic	Campaign
Attachment	Rifle_AK47.Optic_HoloSight	2952285709	Optic_HoloSight	Optic	Campaign
Attachment	Rifle_AK47.Optic_RedDot	1243024184	Optic_RedDot	Optic	Campaign
Attachment	Rifle_AK47.Rifle_AK47_ExtMag	445212742	Rifle_AK47_ExtMag	Magazine	Campaign
Attachment	Rifle_AK47.Rifle_Ammo_AP	1055755232	Rifle_Ammo_AP	Ammo	Campaign
Attachment	Rifle_AK47.Rifle_Ammo_MatchGrade	431230399	Rifle_Ammo_MatchGrade	Ammo	Campaign
Attachment	Rifle_AK47.Rifle_LaserSight	2924561390	Rifle_LaserSight	Foregrip	Campaign
Attachment	Rifle_AK47.VerticalForegrip	1219673437	VerticalForegrip	Foregrip	Campaign
Attachment	Rifle_AKS74U.Internal_BarrelAcc	965760859	Internal_BarrelAcc	Internal	Campaign
Attachment	Rifle_AKS74U.Internal_Blueprinting	1157654536	Internal_Blueprinting	Internal	Campaign
Attachment	Rifle_AKS74U.Internal_MatchGradeTrigger	1748079732	Internal_MatchGradeTrigger	Internal	Campaign
Attachment	Rifle_AKS74U.Internal_RecoilBufferAdj	2916825658	Internal_RecoilBufferAdj	Internal	Campaign
Attachment	Rifle_AKS74U.Internal_WeightBalance	1126178176	Internal_WeightBalance	Internal	Campaign
Attachment	Rifle_AKS74U.Optic_ACOG	1411539420	Optic_ACOG	Optic	Campaign
Attachment	Rifle_AKS74U.Optic_HoloSight	1749493145	Optic_HoloSight	Optic	Campaign
Attachment	Rifle_AKS74U.Optic_RedDot	2234145755	Optic_RedDot	Optic	Campaign
Attachment	Rifle_AKS74U.Rifle_AKS74U_ExtMag	2940410979	Rifle_AKS74U_ExtMag	Magazine	Campaign
Attachment	Rifle_AKS74U.Rifle_Ammo_AP	4140348944	Rifle_Ammo_AP	Ammo	Campaign
Attachment	Rifle_AKS74U.Rifle_Ammo_MatchGrade	2670764099	Rifle_Ammo_MatchGrade	Ammo	Campaign
Attachment	Rifle_AKS74U.Rifle_LaserSight	2559553991	Rifle_LaserSight	Foregrip	Campaign
Attachment	Rifle_AKS74U.Rifle_MuzzleBrake	177158401	Rifle_MuzzleBrake	Muzzle	Campaign
Attachment	Rifle_AKS74U.VerticalForegrip	2121027444	VerticalForegrip	Foregrip	Campaign
Attachment	Rifle_ARX.Internal_BarrelAcc	1706649200	Internal_BarrelAcc	Internal	Campaign
Attachment	Rifle_ARX.Internal_Blueprinting	4061431175	Internal_Blueprinting	Internal	Campaign
Attachment	Rifle_ARX.Internal_MatchGradeTrigger	1430236670	Internal_MatchGradeTrigger	Internal	Campaign
Attachment	Rifle_ARX.Internal_RecoilBufferAdj	1218785440	Internal_RecoilBufferAdj	Internal	Campaign
Attachment	Rifle_ARX.Internal_WeightBalance	315905086	Internal_WeightBalance	Internal	Campaign
Attachment	Rifle_ARX.Optic_ACOG	3209423897	Optic_ACOG	Optic	Campaign
Attachment	Rifle_ARX.Optic_HoloSight	1107925100	Optic_HoloSight	Optic	Campaign
Attachment	Rifle_ARX.Optic_RedDot	1570463507	Optic_RedDot	Optic	Campaign
Attachment	Rifle_ARX.Rifle_60ExtMag	3130429401	Rifle_60ExtMag	Magazine	Campaign
Attachment	Rifle_ARX.Rifle_Ammo_AP	2375186997	Rifle_Ammo_AP	Ammo	Campaign
Attachment	Rifle_ARX.Rifle_Ammo_MatchGrade	673467852	Rifle_Ammo_MatchGrade	Ammo	Campaign
Attachment	Rifle_ARX.Rifle_LaserSight	114845976	Rifle_LaserSight	Foregrip	Campaign
Attachment	Rifle_ARX.Rifle_MuzzleBrake	600152205	Rifle_MuzzleBrake	Muzzle	Campaign
Attachment	Rifle_ARX.VerticalForegrip	3762001835	VerticalForegrip	Foregrip	Campaign
Attachment	Rifle_FAMAS.Internal_BarrelAcc	4218411511	Internal_BarrelAcc	Internal	Campaign
Attachment	Rifle_FAMAS.Internal_Blueprinting	2123131426	Internal_Blueprinting	Internal	Campaign
Attachment	Rifle_FAMAS.Internal_MatchGradeTrigger	2306398424	Internal_MatchGradeTrigger	Internal	Campaign
Attachment	Rifle_FAMAS.Internal_RecoilBufferAdj	1546907069	Internal_RecoilBufferAdj	Internal	Campaign
Attachment	Rifle_FAMAS.Internal_WeightBalance	4105367988	Internal_WeightBalance	Internal	Campaign
Attachment	Rifle_FAMAS.Optic_ACOG	1565170447	Optic_ACOG	Optic	Campaign
Attachment	Rifle_FAMAS.Optic_HoloSight	1805409505	Optic_HoloSight	Optic	Campaign
Attachment	Rifle_FAMAS.Optic_RedDot	4147563665	Optic_RedDot	Optic	Campaign
Attachment	Rifle_FAMAS.Rifle_Ammo_AP	3988130854	Rifle_Ammo_AP	Ammo	Campaign
Attachment	Rifle_FAMAS.Rifle_Ammo_MatchGrade	2763825769	Rifle_Ammo_MatchGrade	Ammo	Campaign
Attachment	Rifle_FAMAS.Rifle_LaserSight	1580243681	Rifle_LaserSight	Foregrip	Campaign
Attachment	Rifle_G36C.Internal_BarrelAcc	1398871819	Internal_BarrelAcc	Internal	Campaign
Attachment	Rifle_G36C.Internal_Blueprinting	4211182221	Internal_Blueprinting	Internal	Campaign
Attachment	Rifle_G36C.Internal_MatchGradeTrigger	1271402373	Internal_MatchGradeTrigger	Internal	Campaign
Attachment	Rifle_G36C.Internal_RecoilBufferAdj	3346042899	Internal_RecoilBufferAdj	Internal	Campaign
Attachment	Rifle_G36C.Internal_WeightBalance	1029150695	Internal_WeightBalance	Internal	Campaign
Attachment	Rifle_G36C.Optic_ACOG	651720307	Optic_ACOG	Optic	Campaign
Attachment	Rifle_G36C.Optic_HoloSight	1224249006	Optic_HoloSight	Optic	Campaign
Attachment	Rifle_G36C.Optic_RedDot	1741187352	Optic_RedDot	Optic	Campaign
Attachment	Rifle_G36C.Rifle_60ExtMag	3698132291	Rifle_60ExtMag	Magazine	Campaign
Attachment	Rifle_G36C.Rifle_Ammo_AP	2799952482	Rifle_Ammo_AP	Ammo	Campaign
Attachment	Rifle_G36C.Rifle_Ammo_MatchGrade	556876486	Rifle_Ammo_MatchGrade	Ammo	Campaign
Attachment	Rifle_G36C.Rifle_LaserSight	1390031865	Rifle_LaserSight	Foregrip	Campaign
Attachment	Rifle_G36C.Rifle_MuzzleBrake	3808010521	Rifle_MuzzleBrake	Muzzle	Campaign
Attachment	Rifle_G36C.Rifle_Suppressor	2838065674	Rifle_Suppressor	Muzzle	Campaign
Attachment	Rifle_G36C.VerticalForegrip	3023686986	VerticalForegrip	Foregrip	Campaign
Attachment	Rifle_Goblin.Internal_BarrelAcc	2940665119	Internal_BarrelAcc	Internal	Campaign
Attachment	Rifle_Goblin.Internal_Blueprinting	4159051923	Internal_Blueprinting	Internal	Campaign
Attachment	Rifle_Goblin.Internal_MatchGradeTrigger	2980451858	Internal_MatchGradeTrigger	Internal	Campaign
Attachment	Rifle_Goblin.Internal_RecoilBufferAdj	2395565215	Internal_RecoilBufferAdj	Internal	Campaign
Attachment	Rifle_Goblin.Internal_WeightBalance	1304693519	Internal_WeightBalance	Internal	Campaign
Attachment	Rifle_Goblin.Optic_ACOG	3695172872	Optic_ACOG	Optic	Campaign
Attachment	Rifle_Goblin.Optic_HoloSight	2383915962	Optic_HoloSight	Optic	Campaign
Attachment	Rifle_Goblin.Optic_RedDot	3471662106	Optic_RedDot	Optic	Campaign
Attachment	Rifle_Goblin.Rifle_60ExtMag	2411220539	Rifle_60ExtMag	Magazine	Campaign
Attachment	Rifle_Goblin.Rifle_Ammo_AP	2949184569	Rifle_Ammo_AP	Ammo	Campaign
Attachment	Rifle_Goblin.Rifle_Ammo_MatchGrade	769052888	Rifle_Ammo_MatchGrade	Ammo	Campaign
Attachment	Rifle_Goblin.Rifle_LaserSight	218722672	Rifle_LaserSight	Foregrip	Campaign
Attachment	Rifle_Goblin.Rifle_MuzzleBrake	2841862842	Rifle_MuzzleBrake	Muzzle	Campaign
Attachment	Rifle_Goblin.Rifle_Suppressor	4143591555	Rifle_Suppressor	Muzzle	Campaign
Attachment	Rifle_Goblin.VerticalForegrip	3958017987	VerticalForegrip	Foregrip	Campaign
Attachment	Rifle_HoneyBadger.Internal_BarrelAcc	2293305472	Internal_BarrelAcc	Internal	Campaign
Attachment	Rifle_HoneyBadger.Internal_Blueprinting	1001135297	Internal_Blueprinting	Internal	Campaign
Attachment	Rifle_HoneyBadger.Internal_MatchGradeTrigger	3452007466	Internal_MatchGradeTrigger	Internal	Campaign
Attachment	Rifle_HoneyBadger.Internal_RecoilBufferAdj	2546462354	Internal_RecoilBufferAdj	Internal	Campaign
Attachment	Rifle_HoneyBadger.Internal_WeightBalance	1008587106	Internal_WeightBalance	Internal	Campaign
Attachment	Rifle_HoneyBadger.Optic_ACOG	1273877858	Optic_ACOG	Optic	Campaign
Attachment	Rifle_HoneyBadger.Optic_HoloSight	2902185004	Optic_HoloSight	Optic	Campaign
Attachment	Rifle_HoneyBadger.Optic_RedDot	3626067104	Optic_RedDot	Optic	Campaign
Attachment	Rifle_HoneyBadger.Rifle_Ammo_AP	1030384553	Rifle_Ammo_AP	Ammo	Campaign
Attachment	Rifle_HoneyBadger.Rifle_Ammo_MatchGrade	3785151626	Rifle_Ammo_MatchGrade	Ammo	Campaign
Attachment	Rifle_HoneyBadger.Rifle_LaserSight	850455331	Rifle_LaserSight	Foregrip	Campaign
Attachment	Rifle_HoneyBadger.VerticalForegrip	3562214800	VerticalForegrip	Foregrip	Campaign
Attachment	Rifle_M416.Internal_BarrelAcc	2395667263	Internal_BarrelAcc	Internal	Campaign
Attachment	Rifle_M416.Internal_Blueprinting	2051034948	Internal_Blueprinting	Internal	Campaign
Attachment	Rifle_M416.Internal_MatchGradeTrigger	790989574	Internal_MatchGradeTrigger	Internal	Campaign
Attachment	Rifle_M416.Internal_RecoilBufferAdj	1995602920	Internal_RecoilBufferAdj	Internal	Campaign
Attachment	Rifle_M416.Internal_WeightBalance	1117107892	Internal_WeightBalance	Internal	Campaign
Attachment	Rifle_M416.Optic_ACOG	1740279081	Optic_ACOG	Optic	Campaign
Attachment	Rifle_M416.Optic_HoloSight	132178376	Optic_HoloSight	Optic	Campaign
Attachment	Rifle_M416.Optic_RedDot	3493221681	Optic_RedDot	Optic	Campaign
Attachment	Rifle_M416.Rifle_60ExtMag	3222222283	Rifle_60ExtMag	Magazine	Campaign
Attachment	Rifle_M416.Rifle_Ammo_AP	482237105	Rifle_Ammo_AP	Ammo	Campaign
Attachment	Rifle_M416.Rifle_Ammo_MatchGrade	2691729167	Rifle_Ammo_MatchGrade	Ammo	Campaign
Attachment	Rifle_M416.Rifle_LaserSight	3837173939	Rifle_LaserSight	Foregrip	Campaign
Attachment	Rifle_M416.Rifle_MuzzleBrake	4181945131	Rifle_MuzzleBrake	Muzzle	Campaign
Attachment	Rifle_M416.Rifle_Suppressor	524673344	Rifle_Suppressor	Muzzle	Campaign
Attachment	Rifle_M416.VerticalForegrip	39149056	VerticalForegrip	Foregrip	Campaign
Attachment	Rifle_Proto.Internal_BarrelAcc	516602323	Internal_BarrelAcc	Internal	Campaign
Attachment	Rifle_Proto.Internal_Blueprinting	1682388834	Internal_Blueprinting	Internal	Campaign
Attachment	Rifle_Proto.Internal_MatchGradeTrigger	2407525281	Internal_MatchGradeTrigger	Internal	Campaign
Attachment	Rifle_Proto.Internal_RecoilBufferAdj	71636604	Internal_RecoilBufferAdj	Internal	Campaign
Attachment	Rifle_Proto.Internal_WeightBalance	3224259230	Internal_WeightBalance	Internal	Campaign
Attachment	Rifle_Proto.Optic_ACOG	2145819126	Optic_ACOG	Optic	Campaign
Attachment	Rifle_Proto.Optic_HoloSight	4012869277	Optic_HoloSight	Optic	Campaign
Attachment	Rifle_Proto.Optic_RedDot	3835292140	Optic_RedDot	Optic	Campaign
Attachment	Rifle_Proto.Rifle_60ExtMag	3013999349	Rifle_60ExtMag	Magazine	Campaign
Attachment	Rifle_Proto.Rifle_Ammo_AP	1021065271	Rifle_Ammo_AP	Ammo	Campaign
Attachment	Rifle_Proto.Rifle_Ammo_MatchGrade	3195535145	Rifle_Ammo_MatchGrade	Ammo	Campaign
Attachment	Rifle_Proto.Rifle_LaserSight	2332864440	Rifle_LaserSight	Foregrip	Campaign
Attachment	Rifle_SA58.Internal_BarrelAcc	2732215588	Internal_BarrelAcc	Internal	Campaign
Attachment	Rifle_SA58.Internal_Blueprinting	1373932373	Internal_Blueprinting	Internal	Campaign
Attachment	Rifle_SA58.Internal_MatchGradeTrigger	3183824509	Internal_MatchGradeTrigger	Internal	Campaign
Attachment	Rifle_SA58.Internal_RecoilBufferAdj	3767154218	Internal_RecoilBufferAdj	Internal	Campaign
Attachment	Rifle_SA58.Internal_WeightBalance	175035575	Internal_WeightBalance	Internal	Campaign
Attachment	Rifle_SA58.Optic_ACOG	2950760509	Optic_ACOG	Optic	Campaign
Attachment	Rifle_SA58.Optic_HighPowerScope	3411329477	Optic_HighPowerScope	Optic	Campaign
Attachment	Rifle_SA58.Optic_HoloSight	4165960715	Optic_HoloSight	Optic	Campaign
Attachment	Rifle_SA58.Optic_RedDot	1787022888	Optic_RedDot	Optic	Campaign
Attachment	Rifle_SA58.Rifle_Ammo_AP	1927070805	Rifle_Ammo_AP	Ammo	Campaign
Attachment	Rifle_SA58.Rifle_Ammo_MatchGrade	2345943838	Rifle_Ammo_MatchGrade	Ammo	Campaign
Attachment	Rifle_SA58.Rifle_LaserSight	3028334998	Rifle_LaserSight	Foregrip	Campaign
Attachment	Rifle_SA58.Rifle_MuzzleBrake	1995800761	Rifle_MuzzleBrake	Muzzle	Campaign
Attachment	Rifle_SA58.VerticalForegrip	1382237989	VerticalForegrip	Foregrip	Campaign
Attachment	SMG_MAC11.Internal_BarrelAcc	3160817573	Internal_BarrelAcc	Internal	Campaign
Attachment	SMG_MAC11.Internal_Blueprinting	215817826	Internal_Blueprinting	Internal	Campaign
Attachment	SMG_MAC11.Internal_MatchGradeTrigger	859035498	Internal_MatchGradeTrigger	Internal	Campaign
Attachment	SMG_MAC11.Internal_RecoilBufferAdj	4086205150	Internal_RecoilBufferAdj	Internal	Campaign
Attachment	SMG_MAC11.Internal_WeightBalance	3225866423	Internal_WeightBalance	Internal	Campaign
Attachment	SMG_MAC11.Optic_HoloSight	2072341503	Optic_HoloSight	Optic	Campaign
Attachment	SMG_MAC11.Optic_RedDot	883618600	Optic_RedDot	Optic	Campaign
Attachment	SMG_MAC11.SMG_Ammo_AP	1558198241	SMG_Ammo_AP	Ammo	Campaign
Attachment	SMG_MAC11.SMG_Ammo_HollowPoint	1934341478	SMG_Ammo_HollowPoint	Ammo	Campaign
Attachment	SMG_MAC11.SMG_Ammo_MatchGrade	221736362	SMG_Ammo_MatchGrade	Ammo	Campaign
Attachment	SMG_MAC11.SMG_LaserSight	1242500310	SMG_LaserSight	Foregrip	Campaign
Attachment	SMG_MAC11.SMG_Mac11_ExtMag	398014631	SMG_Mac11_ExtMag	Magazine	Campaign
Attachment	SMG_MP5.Internal_BarrelAcc	1374980119	Internal_BarrelAcc	Internal	Campaign
Attachment	SMG_MP5.Internal_Blueprinting	2891893096	Internal_Blueprinting	Internal	Campaign
Attachment	SMG_MP5.Internal_MatchGradeTrigger	1928971610	Internal_MatchGradeTrigger	Internal	Campaign
Attachment	SMG_MP5.Internal_RecoilBufferAdj	1067547134	Internal_RecoilBufferAdj	Internal	Campaign
Attachment	SMG_MP5.Internal_WeightBalance	4016866742	Internal_WeightBalance	Internal	Campaign
Attachment	SMG_MP5.Optic_ACOG	3655518863	Optic_ACOG	Optic	Campaign
Attachment	SMG_MP5.Optic_HoloSight	2164224162	Optic_HoloSight	Optic	Campaign
Attachment	SMG_MP5.Optic_RedDot	1915647002	Optic_RedDot	Optic	Campaign
Attachment	SMG_MP5.SMG_Ammo_AP	1582382443	SMG_Ammo_AP	Ammo	Campaign
Attachment	SMG_MP5.SMG_Ammo_HollowPoint	2627199561	SMG_Ammo_HollowPoint	Ammo	Campaign
Attachment	SMG_MP5.SMG_Ammo_MatchGrade	3110488333	SMG_Ammo_MatchGrade	Ammo	Campaign
Attachment	SMG_MP5.SMG_LaserSight	2293176300	SMG_LaserSight	Foregrip	Campaign
Attachment	SMG_MP5.SMG_Suppressor	1935431199	SMG_Suppressor	Muzzle	Campaign
Attachment	SMG_MP7A2.Internal_BarrelAcc	4220985555	Internal_BarrelAcc	Internal	Campaign
Attachment	SMG_MP7A2.Internal_Blueprinting	214362289	Internal_Blueprinting	Internal	Campaign
Attachment	SMG_MP7A2.Internal_MatchGradeTrigger	2462065775	Internal_MatchGradeTrigger	Internal	Campaign
Attachment	SMG_MP7A2.Internal_RecoilBufferAdj	3130242831	Internal_RecoilBufferAdj	Internal	Campaign
Attachment	SMG_MP7A2.Internal_WeightBalance	3701384817	Internal_WeightBalance	Internal	Campaign
Attachment	SMG_MP7A2.Optic_ACOG	3856346219	Optic_ACOG	Optic	Campaign
Attachment	SMG_MP7A2.Optic_HoloSight	710347043	Optic_HoloSight	Optic	Campaign
Attachment	SMG_MP7A2.Optic_RedDot	1262334941	Optic_RedDot	Optic	Campaign
Attachment	SMG_MP7A2.SMG_Ammo_AP	2294305832	SMG_Ammo_AP	Ammo	Campaign
Attachment	SMG_MP7A2.SMG_Ammo_HollowPoint	1757242982	SMG_Ammo_HollowPoint	Ammo	Campaign
Attachment	SMG_MP7A2.SMG_Ammo_MatchGrade	4148350176	SMG_Ammo_MatchGrade	Ammo	Campaign
Attachment	SMG_MP7A2.SMG_LaserSight	3677389657	SMG_LaserSight	Foregrip	Campaign
Attachment	SMG_MP7A2.SMG_MP7_ExtMag	1255526603	SMG_MP7_ExtMag	Magazine	Campaign
Attachment	SMG_MP7A2.SMG_MuzzleBrake	325000615	SMG_MuzzleBrake	Muzzle	Campaign
Attachment	SMG_MP7A2.SMG_Suppressor	549700266	SMG_Suppressor	Muzzle	Campaign
Attachment	SMG_MP7A2.VerticalForegrip	3969516784	VerticalForegrip	Foregrip	Campaign
Attachment	SMG_PP19.Internal_BarrelAcc	2696207448	Internal_BarrelAcc	Internal	Campaign
Attachment	SMG_PP19.Internal_Blueprinting	3265232308	Internal_Blueprinting	Internal	Campaign
Attachment	SMG_PP19.Internal_MatchGradeTrigger	2531630238	Internal_MatchGradeTrigger	Internal	Campaign
Attachment	SMG_PP19.Internal_RecoilBufferAdj	1792403070	Internal_RecoilBufferAdj	Internal	Campaign
Attachment	SMG_PP19.Internal_WeightBalance	3415577743	Internal_WeightBalance	Internal	Campaign
Attachment	SMG_PP19.Optic_ACOG	1647424163	Optic_ACOG	Optic	Campaign
Attachment	SMG_PP19.Optic_HoloSight	3364185441	Optic_HoloSight	Optic	Campaign
Attachment	SMG_PP19.Optic_RedDot	3459745417	Optic_RedDot	Optic	Campaign
Attachment	SMG_PP19.SMG_Ammo_AP	4089824151	SMG_Ammo_AP	Ammo	Campaign
Attachment	SMG_PP19.SMG_Ammo_HollowPoint	2231910736	SMG_Ammo_HollowPoint	Ammo	Campaign
Attachment	SMG_PP19.SMG_Ammo_MatchGrade	3042886803	SMG_Ammo_MatchGrade	Ammo	Campaign
Attachment	SMG_PP19.SMG_LaserSight	578556925	SMG_LaserSight	Foregrip	Campaign
Attachment	SMG_PP2000.Internal_BarrelAcc	2051077926	Internal_BarrelAcc	Internal	Campaign
Attachment	SMG_PP2000.Internal_Blueprinting	1744785520	Internal_Blueprinting	Internal	Campaign
Attachment	SMG_PP2000.Internal_MatchGradeTrigger	383469704	Internal_MatchGradeTrigger	Internal	Campaign
Attachment	SMG_PP2000.Internal_RecoilBufferAdj	3115950975	Internal_RecoilBufferAdj	Internal	Campaign
Attachment	SMG_PP2000.Internal_WeightBalance	2243826407	Internal_WeightBalance	Internal	Campaign
Attachment	SMG_PP2000.Optic_ACOG	856818651	Optic_ACOG	Optic	Campaign
Attachment	SMG_PP2000.Optic_HoloSight	3623046924	Optic_HoloSight	Optic	Campaign
Attachment	SMG_PP2000.Optic_RedDot	936832297	Optic_RedDot	Optic	Campaign
Attachment	SMG_PP2000.SMG_Ammo_AP	891818105	SMG_Ammo_AP	Ammo	Campaign
Attachment	SMG_PP2000.SMG_Ammo_HollowPoint	3268967474	SMG_Ammo_HollowPoint	Ammo	Campaign
Attachment	SMG_PP2000.SMG_Ammo_MatchGrade	1774095701	SMG_Ammo_MatchGrade	Ammo	Campaign
Attachment	SMG_PP2000.SMG_LaserSight	2582472886	SMG_LaserSight	Foregrip	Campaign
Attachment	SMG_PP2000.SMG_MuzzleBrake	4009450376	SMG_MuzzleBrake	Muzzle	Campaign
Attachment	SMG_PP2000.SMG_PP2000_ExtMag	1580270460	SMG_PP2000_ExtMag	Magazine	Campaign
Attachment	SMG_PP2000.SMG_PP2000_Suppressor	2415435051	SMG_PP2000_Suppressor	Muzzle	Campaign
Attachment	SMG_Proto.Internal_BarrelAcc	1430581707	Internal_BarrelAcc	Internal	Campaign
Attachment	SMG_Proto.Internal_Blueprinting	104839013	Internal_Blueprinting	Internal	Campaign
Attachment	SMG_Proto.Internal_MatchGradeTrigger	2036941209	Internal_MatchGradeTrigger	Internal	Campaign
Attachment	SMG_Proto.Internal_RecoilBufferAdj	3302560015	Internal_RecoilBufferAdj	Internal	Campaign
Attachment	SMG_Proto.Internal_WeightBalance	3725287963	Internal_WeightBalance	Internal	Campaign
Attachment	SMG_Proto.Optic_ACOG	1806952346	Optic_ACOG	Optic	Campaign
Attachment	SMG_Proto.Optic_HoloSight	1845971952	Optic_HoloSight	Optic	Campaign
Attachment	SMG_Proto.Optic_RedDot	3166778073	Optic_RedDot	Optic	Campaign
Attachment	SMG_Proto.SMG_Ammo_AP	87546973	SMG_Ammo_AP	Ammo	Campaign
Attachment	SMG_Proto.SMG_Ammo_HollowPoint	101710588	SMG_Ammo_HollowPoint	Ammo	Campaign
Attachment	SMG_Proto.SMG_Ammo_MatchGrade	2650089977	SMG_Ammo_MatchGrade	Ammo	Campaign
Attachment	SMG_Proto.SMG_LaserSight	2457427207	SMG_LaserSight	Foregrip	Campaign
Attachment	SMG_Scorpion.Internal_BarrelAcc	3779968401	Internal_BarrelAcc	Internal	Campaign
Attachment	SMG_Scorpion.Internal_Blueprinting	4040207854	Internal_Blueprinting	Internal	Campaign
Attachment	SMG_Scorpion.Internal_MatchGradeTrigger	543494315	Internal_MatchGradeTrigger	Internal	Campaign
Attachment	SMG_Scorpion.Internal_RecoilBufferAdj	337181641	Internal_RecoilBufferAdj	Internal	Campaign
Attachment	SMG_Scorpion.Internal_WeightBalance	2629478030	Internal_WeightBalance	Internal	Campaign
Attachment	SMG_Scorpion.Optic_ACOG	2747142401	Optic_ACOG	Optic	Campaign
Attachment	SMG_Scorpion.Optic_HoloSight	1386979858	Optic_HoloSight	Optic	Campaign
Attachment	SMG_Scorpion.Optic_RedDot	2651216939	Optic_RedDot	Optic	Campaign
Attachment	SMG_Scorpion.SMG_Ammo_AP	195633492	SMG_Ammo_AP	Ammo	Campaign
Attachment	SMG_Scorpion.SMG_Ammo_HollowPoint	310963909	SMG_Ammo_HollowPoint	Ammo	Campaign
Attachment	SMG_Scorpion.SMG_Ammo_MatchGrade	3395050852	SMG_Ammo_MatchGrade	Ammo	Campaign
Attachment	SMG_Scorpion.SMG_LaserSight	2955982089	SMG_LaserSight	Foregrip	Campaign
Attachment	SMG_Scorpion.SMG_MuzzleBrake	1805891222	SMG_MuzzleBrake	Muzzle	Campaign
Attachment	SMG_Scorpion.VerticalForegrip	1007782012	VerticalForegrip	Foregrip	Campaign
Attachment	SMG_UMP45.Internal_BarrelAcc	718823946	Internal_BarrelAcc	Internal	Campaign
Attachment	SMG_UMP45.Internal_Blueprinting	2390821696	Internal_Blueprinting	Internal	Campaign
Attachment	SMG_UMP45.Internal_MatchGradeTrigger	1003313193	Internal_MatchGradeTrigger	Internal	Campaign
Attachment	SMG_UMP45.Internal_RecoilBufferAdj	1462590439	Internal_RecoilBufferAdj	Internal	Campaign
Attachment	SMG_UMP45.Internal_WeightBalance	1365573932	Internal_WeightBalance	Internal	Campaign
Attachment	SMG_UMP45.Optic_ACOG	2490989746	Optic_ACOG	Optic	Campaign
Attachment	SMG_UMP45.Optic_HoloSight	1756905614	Optic_HoloSight	Optic	Campaign
Attachment	SMG_UMP45.Optic_RedDot	3971371016	Optic_RedDot	Optic	Campaign
Attachment	SMG_UMP45.SMG_Ammo_AP	3152235934	SMG_Ammo_AP	Ammo	Campaign
Attachment	SMG_UMP45.SMG_Ammo_HollowPoint	2326119744	SMG_Ammo_HollowPoint	Ammo	Campaign
Attachment	SMG_UMP45.SMG_Ammo_MatchGrade	3300997188	SMG_Ammo_MatchGrade	Ammo	Campaign
Attachment	SMG_UMP45.SMG_LaserSight	1934795218	SMG_LaserSight	Foregrip	Campaign
Attachment	SMG_UMP45.SMG_MuzzleBrake	1370510346	SMG_MuzzleBrake	Muzzle	Campaign
Attachment	SMG_UMP45.SMG_Suppressor	2292310049	SMG_Suppressor	Muzzle	Campaign
Attachment	SMG_UMP45.VerticalForegrip	742013796	VerticalForegrip	Foregrip	Campaign
Attachment	SMG_Vector.Internal_BarrelAcc	2099558557	Internal_BarrelAcc	Internal	Campaign
Attachment	SMG_Vector.Internal_Blueprinting	3898706978	Internal_Blueprinting	Internal	Campaign
Attachment	SMG_Vector.Internal_MatchGradeTrigger	995339483	Internal_MatchGradeTrigger	Internal	Campaign
Attachment	SMG_Vector.Internal_RecoilBufferAdj	3729340690	Internal_RecoilBufferAdj	Internal	Campaign
Attachment	SMG_Vector.Internal_WeightBalance	4096007250	Internal_WeightBalance	Internal	Campaign
Attachment	SMG_Vector.Optic_ACOG	1109668247	Optic_ACOG	Optic	Campaign
Attachment	SMG_Vector.Optic_HoloSight	1900777442	Optic_HoloSight	Optic	Campaign
Attachment	SMG_Vector.Optic_RedDot	2872425891	Optic_RedDot	Optic	Campaign
Attachment	SMG_Vector.SMG_Ammo_AP	886295896	SMG_Ammo_AP	Ammo	Campaign
Attachment	SMG_Vector.SMG_Ammo_HollowPoint	3134825751	SMG_Ammo_HollowPoint	Ammo	Campaign
Attachment	SMG_Vector.SMG_Ammo_MatchGrade	4291604229	SMG_Ammo_MatchGrade	Ammo	Campaign
Attachment	SMG_Vector.SMG_LaserSight	319183180	SMG_LaserSight	Foregrip	Campaign
Attachment	SMG_Vector.SMG_MuzzleBrake	1212390246	SMG_MuzzleBrake	Muzzle	Campaign
Attachment	SMG_Vector.SMG_Suppressor	3908376767	SMG_Suppressor	Muzzle	Campaign
Attachment	SMG_Vector.SMG_Vector_ExtMag	1443108325	SMG_Vector_ExtMag	Magazine	Campaign
Attachment	SMG_Vector.VerticalForegrip	3045758296	VerticalForegrip	Foregrip	Campaign
Attachment	Shotgun_AA12.Internal_BarrelAcc	541476029	Internal_BarrelAcc	Internal	Campaign
Attachment	Shotgun_AA12.Internal_Blueprinting	3046283653	Internal_Blueprinting	Internal	Campaign
Attachment	Shotgun_AA12.Internal_MatchGradeTrigger	1856790865	Internal_MatchGradeTrigger	Internal	Campaign
Attachment	Shotgun_AA12.Internal_RecoilBufferAdj	2407142415	Internal_RecoilBufferAdj	Internal	Campaign
Attachment	Shotgun_AA12.Internal_WeightBalance	454158668	Internal_WeightBalance	Internal	Campaign
Attachment	Shotgun_AA12.Rifle_LaserSight	2199728597	Rifle_LaserSight	Foregrip	Campaign
Attachment	Shotgun_AA12.Shotgun_Ammo_Flechette	3282302859	Shotgun_Ammo_Flechette	Ammo	Campaign
Attachment	Shotgun_AA12.Shotgun_Ammo_Slug	2061555543	Shotgun_Ammo_Slug	Ammo	Campaign
Attachment	Shotgun_M1014.Internal_BarrelAcc	424116164	Internal_BarrelAcc	Internal	Campaign
Attachment	Shotgun_M1014.Internal_Blueprinting	2434356001	Internal_Blueprinting	Internal	Campaign
Attachment	Shotgun_M1014.Internal_MatchGradeTrigger	3307421334	Internal_MatchGradeTrigger	Internal	Campaign
Attachment	Shotgun_M1014.Internal_RecoilBufferAdj	787877752	Internal_RecoilBufferAdj	Internal	Campaign
Attachment	Shotgun_M1014.Internal_WeightBalance	4179509844	Internal_WeightBalance	Internal	Campaign
Attachment	Shotgun_M1014.Optic_HoloSight	1655602967	Optic_HoloSight	Optic	Campaign
Attachment	Shotgun_M1014.Optic_RedDot	29252446	Optic_RedDot	Optic	Campaign
Attachment	Shotgun_M1014.Rifle_LaserSight	3439794297	Rifle_LaserSight	Foregrip	Campaign
Attachment	Shotgun_M1014.Shotgun_Ammo_Flechette	564944019	Shotgun_Ammo_Flechette	Ammo	Campaign
Attachment	Shotgun_M1014.Shotgun_Ammo_Slug	3196911636	Shotgun_Ammo_Slug	Ammo	Campaign
Attachment	Shotgun_M1014.VerticalForegrip	736421578	VerticalForegrip	Foregrip	Campaign
Attachment	Shotgun_Proto.Internal_BarrelAcc	2919988340	Internal_BarrelAcc	Internal	Campaign
Attachment	Shotgun_Proto.Internal_Blueprinting	263520593	Internal_Blueprinting	Internal	Campaign
Attachment	Shotgun_Proto.Internal_MatchGradeTrigger	4111740588	Internal_MatchGradeTrigger	Internal	Campaign
Attachment	Shotgun_Proto.Internal_RecoilBufferAdj	3430364262	Internal_RecoilBufferAdj	Internal	Campaign
Attachment	Shotgun_Proto.Internal_WeightBalance	422900705	Internal_WeightBalance	Internal	Campaign
Attachment	Shotgun_Proto.Optic_HoloSight	3983283510	Optic_HoloSight	Optic	Campaign
Attachment	Shotgun_Proto.Optic_RedDot	769375619	Optic_RedDot	Optic	Campaign
Attachment	Shotgun_Proto.Rifle_LaserSight	1365930308	Rifle_LaserSight	Foregrip	Campaign
Attachment	Shotgun_Proto.Shotgun_Ammo_Flechette	3246845222	Shotgun_Ammo_Flechette	Ammo	Campaign
Attachment	Shotgun_Proto.Shotgun_Ammo_Slug	1542358590	Shotgun_Ammo_Slug	Ammo	Campaign
Attachment	Shotgun_Proto.Shotgun_Proto_ExtMag	3493199159	Shotgun_Proto_ExtMag	Magazine	Campaign
Attachment	Shotgun_RMB93.Internal_BarrelAcc	3437783874	Internal_BarrelAcc	Internal	Campaign
Attachment	Shotgun_RMB93.Internal_Blueprinting	4249663657	Internal_Blueprinting	Internal	Campaign
Attachment	Shotgun_RMB93.Internal_MatchGradeTrigger	3522681911	Internal_MatchGradeTrigger	Internal	Campaign
Attachment	Shotgun_RMB93.Internal_RecoilBufferAdj	2953258361	Internal_RecoilBufferAdj	Internal	Campaign
Attachment	Shotgun_RMB93.Internal_WeightBalance	3061193449	Internal_WeightBalance	Internal	Campaign
Attachment	Shotgun_RMB93.Optic_HoloSight	298101581	Optic_HoloSight	Optic	Campaign
Attachment	Shotgun_RMB93.Optic_RedDot	3140038640	Optic_RedDot	Optic	Campaign
Attachment	Shotgun_RMB93.Rifle_LaserSight	2590576508	Rifle_LaserSight	Foregrip	Campaign
Attachment	Shotgun_RMB93.Shotgun_Ammo_Flechette	1858339886	Shotgun_Ammo_Flechette	Ammo	Campaign
Attachment	Shotgun_RMB93.Shotgun_Ammo_Slug	2837382504	Shotgun_Ammo_Slug	Ammo	Campaign
Attachment	Shotgun_RMB93.VerticalForegrip	2089480655	VerticalForegrip	Foregrip	Campaign
Attachment	Shotgun_Saiga12.Internal_BarrelAcc	3217525054	Internal_BarrelAcc	Internal	Campaign
Attachment	Shotgun_Saiga12.Internal_Blueprinting	3055622488	Internal_Blueprinting	Internal	Campaign
Attachment	Shotgun_Saiga12.Internal_MatchGradeTrigger	3690292509	Internal_MatchGradeTrigger	Internal	Campaign
Attachment	Shotgun_Saiga12.Internal_RecoilBufferAdj	2230683226	Internal_RecoilBufferAdj	Internal	Campaign
Attachment	Shotgun_Saiga12.Internal_WeightBalance	994351094	Internal_WeightBalance	Internal	Campaign
Attachment	Shotgun_Saiga12.Optic_HoloSight	1253061761	Optic_HoloSight	Optic	Campaign
Attachment	Shotgun_Saiga12.Optic_RedDot	2862718007	Optic_RedDot	Optic	Campaign
Attachment	Shotgun_Saiga12.Rifle_LaserSight	4071911454	Rifle_LaserSight	Foregrip	Campaign
Attachment	Shotgun_Saiga12.Shotgun_Ammo_Flechette	3824585009	Shotgun_Ammo_Flechette	Ammo	Campaign
Attachment	Shotgun_Saiga12.Shotgun_Ammo_Slug	206579182	Shotgun_Ammo_Slug	Ammo	Campaign
Attachment	Shotgun_Saiga12.VerticalForegrip	341282477	VerticalForegrip	Foregrip	Campaign
Attachment	Sniper_Proto.Internal_MatchGradeTrigger	861641444	Internal_MatchGradeTrigger	Internal	Campaign
Attachment	Sniper_Proto.Internal_RecoilBufferAdj	940275474	Internal_RecoilBufferAdj	Internal	Campaign
Attachment	Sniper_Proto.Internal_WeightBalance	3818559795	Internal_WeightBalance	Internal	Campaign
Attachment	Sniper_Proto.Rifle_Ammo_AP	1743237676	Rifle_Ammo_AP	Ammo	Campaign
Attachment	Sniper_Proto.Rifle_Ammo_MatchGrade	1237274220	Rifle_Ammo_MatchGrade	Ammo	Campaign
Attachment	Sniper_SR25.Internal_MatchGradeTrigger	1306607914	Internal_MatchGradeTrigger	Internal	Campaign
Attachment	Sniper_SR25.Internal_RecoilBufferAdj	3807227540	Internal_RecoilBufferAdj	Internal	Campaign
Attachment	Sniper_SR25.Internal_WeightBalance	42491925	Internal_WeightBalance	Internal	Campaign
Attachment	Sniper_SR25.Optic_HighPowerScope	1298569006	Optic_HighPowerScope	Optic	Campaign
Attachment	Sniper_SR25.Rifle_Ammo_AP	3972824829	Rifle_Ammo_AP	Ammo	Campaign
Attachment	Sniper_SR25.Rifle_Ammo_MatchGrade	1706073168	Rifle_Ammo_MatchGrade	Ammo	Campaign
Attachment	Sniper_SVU.Internal_BarrelAcc	2325083774	Internal_BarrelAcc	Internal	Campaign
Attachment	Sniper_SVU.Internal_Blueprinting	3163605070	Internal_Blueprinting	Internal	Campaign
Attachment	Sniper_SVU.Internal_MatchGradeTrigger	566061085	Internal_MatchGradeTrigger	Internal	Campaign
Attachment	Sniper_SVU.Internal_RecoilBufferAdj	3510026974	Internal_RecoilBufferAdj	Internal	Campaign
Attachment	Sniper_SVU.Internal_WeightBalance	1842983141	Internal_WeightBalance	Internal	Campaign
Attachment	Sniper_SVU.Rifle_Ammo_AP	1794884174	Rifle_Ammo_AP	Ammo	Campaign
Attachment	Sniper_SVU.Rifle_Ammo_MatchGrade	1721761797	Rifle_Ammo_MatchGrade	Ammo	Campaign
Attachment	Sniper_VSS.Internal_BarrelAcc	633874102	Internal_BarrelAcc	Internal	Campaign
Attachment	Sniper_VSS.Internal_Blueprinting	2777567511	Internal_Blueprinting	Internal	Campaign
Attachment	Sniper_VSS.Internal_MatchGradeTrigger	2465796884	Internal_MatchGradeTrigger	Internal	Campaign
Attachment	Sniper_VSS.Internal_RecoilBufferAdj	1220417868	Internal_RecoilBufferAdj	Internal	Campaign
Attachment	Sniper_VSS.Internal_WeightBalance	933164404	Internal_WeightBalance	Internal	Campaign
Attachment	Sniper_VSS.Rifle_Ammo_AP	1082928080	Rifle_Ammo_AP	Ammo	Campaign
Attachment	Sniper_VSS.Rifle_Ammo_MatchGrade	2143197532	Rifle_Ammo_MatchGrade	Ammo	Campaign
Attachment	Sniper_VSS.Sniper_VSS_ExtMag	2844938930	Sniper_VSS_ExtMag	Magazine	Campaign
Camo	Beige-MPArmorBootsExecutioner	865405139			
Camo	Beige-MPArmorBootsGhost	2609891506			
Camo	Beige-MPArmorBootsHeavy	66376654			
Camo	Beige-MPArmorBootsHunter	3873651404			
Camo	Beige-MPArmorBootsIntelScout	3462680237			
Camo	Beige-MPArmorBootsTech	3249167633			
Camo	Beige-MPArmorGlovesExecutioner	2838317044			
Camo	Beige-MPArmorGlovesGhost	3082817287			
Camo	Beige-MPArmorGlovesHeavy	800789627			
Camo	Beige-MPArmorGlovesHunter	1278513950			
Camo	Beige-MPArmorGlovesIntelScout	3399531609			
Camo	Beige-MPArmorGlovesTech	292362371			
Camo	Beige-MPArmorPantsExecutioner	1864252565			
Camo	Beige-MPArmorPantsGhost	3323133698			
Camo	Beige-MPArmorPantsHeavy	1583998078			
Camo	Beige-MPArmorPantsHunter	1535126149			
Camo	Beige-MPArmorPantsIntelScout	1160479265			
Camo	Beige-MPArmorPantsTech	3591206097			
Camo	Beige-MPArmorTorsoGhost	1351442665			
Camo	Beige-MPArmorTorsoGhostElite	2481272421			
Camo	Beige-MPArmorTorsoHeavy	3371596693			
Camo	Beige-MPArmorTorsoHeavyElite	1406920406			
Camo	Beige-MPArmorTorsoHunter	3052689410			
Camo	Beige-MPArmorTorsoHunterElite	2318457071			
Camo	Beige-MPArmorTorsoIntelScout	1288105004			
Camo	Beige-MPArmorTorsoIntelScoutElite	4098152265			
Camo	Beige-MPArmorTorsoSaboteur	2694884236			
Camo	Beige-MPArmorTorsoSaboteurElite	670983083			
Camo	Beige-MPArmorTorsoTech	1020559466			
Camo	Beige-MPArmorTorsoTechElite	1124871671			
Camo	Beige-SPBootsSuitA	3509255813			
Camo	Beige-SPBootsSuitB	3697924188			
Camo	Beige-SPBootsSuitC	3634939371			
Camo	Beige-SPBootsSuitD	3337590254			
Camo	Beige-SPBootsSuitE	3257829465			
Camo	Beige-SPBootsSuitF	3480071808			
Camo	Beige-SPBootsSuitG	3417092919			
Camo	Beige-SPBootsSuitH	4091743882			
Camo	Beige-SPBootsSuitI	4146205501			
Camo	Beige-SPBootsSuitK	4271908947			
Camo	Beige-SPGlovesSuitA	646034077			
Camo	Beige-SPGlovesSuitB	734172228			
Camo	Beige-SPGlovesSuitC	788761075			
Camo	Beige-SPGlovesSuitD	826595830			
Camo	Beige-SPGlovesSuitE	897958977			
Camo	Beige-SPGlovesSuitF	952558232			
Camo	Beige-SPGlovesSuitG	1007157039			
Camo	Beige-SPGlovesSuitH	71844498			
Camo	Beige-SPGlovesSuitI	9002789			
Camo	Beige-SPGlovesSuitK	151741515			
Camo	Beige-SPHelmetSuitA	2247804778			
Camo	Beige-SPHelmetSuitB	2293883315			
Camo	Beige-SPHelmetSuitC	2356739076			
Camo	Beige-SPHelmetSuitD	2453646337			
Camo	Beige-SPHelmetSuitE	2533274038			
Camo	Beige-SPHelmetSuitF	2612893551			
Camo	Beige-SPHelmetSuitG	2675739352			
Camo	Beige-SPHelmetSuitH	2805151589			
Camo	Beige-SPHelmetSuitI	2750556882			
Camo	Beige-SPPantsSuitA	2360854837			
Camo	Beige-SPPantsSuitB	2180313068			
Camo	Beige-SPPantsSuitC	2234905179			
Camo	Beige-SPPantsSuitD	2607981150			
Camo	Beige-SPPantsSuitE	2679357417			
Camo	Beige-SPPantsSuitF	2465241392			
Camo	Beige-SPPantsSuitG	2519827591			
Camo	Beige-SPPantsSuitH	2927507770			
Camo	Beige-SPPantsSuitI	2864653453			
Camo	Beige-SPPantsSuitK	2738692067			
Camo	Beige-SPTorsoSuitA	438851294			
Camo	Beige-SPTorsoSuitB	392916999			
Camo	Beige-SPTorsoSuitC	329936304			
Camo	Beige-SPTorsoSuitD	233651637			
Camo	Beige-SPTorsoSuitE	153886722			
Camo	Beige-SPTorsoSuitF	74385115			
Camo	Beige-SPTorsoSuitG	11410284			
Camo	Beige-SPTorsoSuitH	954312401			
Camo	Beige-SPTorsoSuitI	1008778086			
Camo	Beige-SPTorsoSuitK	899842056			
Camo	Black-MPArmorBootsExecutioner	3001944375			
Camo	Black-MPArmorBootsGhost	714608955			
Camo	Black-MPArmorBootsHeavy	3001223751			
Camo	Black-MPArmorBootsHunter	2912370164			
Camo	Black-MPArmorBootsIntelScout	88661523			
Camo	Black-MPArmorBootsTech	557015278			
Camo	Black-MPArmorGlovesExecutioner	2130799696			
Camo	Black-MPArmorGlovesGhost	4239657023			
Camo	Black-MPArmorGlovesHeavy	1691292483			
Camo	Black-MPArmorGlovesHunter	3192219441			
Camo	Black-MPArmorGlovesIntelScout	1272692157			
Camo	Black-MPArmorGlovesTech	2692399370			
Camo	Black-MPArmorPantsExecutioner	3999612273			
Camo	Black-MPArmorPantsGhost	1996826251			
Camo	Black-MPArmorPantsHeavy	4018028023			
Camo	Black-MPArmorPantsHunter	284437949			
Camo	Black-MPArmorPantsIntelScout	2382828191			
Camo	Black-MPArmorPantsTech	915687726			
Camo	Black-MPArmorTorsoGhost	3785013600			
Camo	Black-MPArmorTorsoGhostElite	1489610459			
Camo	Black-MPArmorTorsoHeavy	2044830236			
Camo	Black-MPArmorTorsoHeavyElite	2566354536			
Camo	Black-MPArmorTorsoHunter	4269825850			
Camo	Black-MPArmorTorsoHunterElite	189520139			
Camo	Black-MPArmorTorsoIntelScout	2280291474			
Camo	Black-MPArmorTorsoIntelScoutElite	3680866927			
Camo	Black-MPArmorTorsoSaboteur	4116773			
Camo	Black-MPArmorTorsoSaboteurElite	3305336658			
Camo	Black-MPArmorTorsoTech	3696082325			
Camo	Black-MPArmorTorsoTechElite	2420774284			
Camo	Black-SPBootsSuitA	2687894462			
Camo	Black-SPBootsSuitB	2910135655			
Camo	Black-SPBootsSuitC	2847160528			
Camo	Black-SPBootsSuitD	3086182613			
Camo	Black-SPBootsSuitE	3006428514			
Camo	Black-SPBootsSuitF	3195098043			
Camo	Black-SPBootsSuitG	3132116492			
Camo	Black-SPBootsSuitH	2197812145			
Camo	Black-SPBootsSuitI	2252271110			
Camo	Black-SPBootsSuitK	2411517288			
Camo	Black-SPGlovesSuitA	3649636497			
Camo	Black-SPGlovesSuitB	3570019912			
Camo	Black-SPGlovesSuitC	3490395135			
Camo	Black-SPGlovesSuitD	3461112826			
Camo	Black-SPGlovesSuitE	3398270541			
Camo	Black-SPGlovesSuitF	3352189076			
Camo	Black-SPGlovesSuitG	3272557859			
Camo	Black-SPGlovesSuitH	4215339166			
Camo	Black-SPGlovesSuitI	4286702889			
Camo	Black-SPGlovesSuitK	4127448647			
Camo	Black-SPHelmetSuitA	2062712166			
Camo	Black-SPHelmetSuitB	2008112063			
Camo	Black-SPHelmetSuitC	1936737800			
Camo	Black-SPHelmetSuitD	1832326669			
Camo	Black-SPHelmetSuitE	1777732538			
Camo	Black-SPHelmetSuitF	1689595235			
Camo	Black-SPHelmetSuitG	1618227412			
Camo	Black-SPHelmetSuitH	1480297833			
Camo	Black-SPHelmetSuitI	1559924958			
Camo	Black-SPPantsSuitA	4255855630			
Camo	Black-SPPantsSuitB	4041741015			
Camo	Black-SPPantsSuitC	4096331616			
Camo	Black-SPPantsSuitD	3933101925			
Camo	Black-SPPantsSuitE	4004463314			
Camo	Black-SPPantsSuitF	3823920139			
Camo	Black-SPPantsSuitG	3878517180			
Camo	Black-SPPantsSuitH	3747791873			
Camo	Black-SPPantsSuitI	3684948406			
Camo	Black-SPPantsSuitK	3525436120			
Camo	Black-SPTorsoSuitA	1798613989			
Camo	Black-SPTorsoSuitB	1719110972			
Camo	Black-SPTorsoSuitC	1656131723			
Camo	Black-SPTorsoSuitD	2096218254			
Camo	Black-SPTorsoSuitE	2016468281			
Camo	Black-SPTorsoSuitF	1970535392			
Camo	Black-SPTorsoSuitG	1907549783			
Camo	Black-SPTorsoSuitH	1241340906			
Camo	Black-SPTorsoSuitI	1295795805			
Camo	Black-SPTorsoSuitK	1153334579			
Camo	Green-MPArmorBootsExecutioner	1111211092			
Camo	Green-MPArmorBootsGhost	1364250262			
Camo	Green-MPArmorBootsHeavy	3375093226			
Camo	Green-MPArmorBootsHunter	1829643766			
Camo	Green-MPArmorBootsIntelScout	1967169791			
Camo	Green-MPArmorBootsTech	1804725286			
Camo	Green-MPArmorGlovesExecutioner	3726072235			
Camo	Green-MPArmorGlovesGhost	1009586237			
Camo	Green-MPArmorGlovesHeavy	2757102401			
Camo	Green-MPArmorGlovesHunter	3070739783			
Camo	Green-MPArmorGlovesIntelScout	3138259166			
Camo	Green-MPArmorGlovesTech	3685883559			
Camo	Green-MPArmorPantsExecutioner	514885650			
Camo	Green-MPArmorPantsGhost	214825254			
Camo	Green-MPArmorPantsHeavy	2495013466			
Camo	Green-MPArmorPantsHunter	3496818111			
Camo	Green-MPArmorPantsIntelScout	4262423667			
Camo	Green-MPArmorPantsTech	2083964390			
Camo	Green-MPArmorTorsoGhost	2589091533			
Camo	Green-MPArmorTorsoGhostElite	683792439			
Camo	Green-MPArmorTorsoHeavy	36273585			
Camo	Green-MPArmorTorsoHeavyElite	3909027972			
Camo	Green-MPArmorTorsoHunter	1041844024			
Camo	Green-MPArmorTorsoHunterElite	4221463656			
Camo	Green-MPArmorTorsoIntelScout	4158784126			
Camo	Green-MPArmorTorsoIntelScoutElite	1100014021			
Camo	Green-MPArmorTorsoSaboteur	4194681810			
Camo	Green-MPArmorTorsoSaboteurElite	1733381903			
Camo	Green-MPArmorTorsoTech	2532258141			
Camo	Green-MPArmorTorsoTechElite	122651538			
Camo	Green-SPBootsSuitA	3343477289			
Camo	Green-SPBootsSuitB	3389672688			
Camo	Green-SPBootsSuitC	3469431111			
Camo	Green-SPBootsSuitD	3498836290			
Camo	Green-SPBootsSuitE	3561823477			
Camo	Green-SPBootsSuitF	3641588268			
Camo	Green-SPBootsSuitG	3721340827			
Camo	Green-SPBootsSuitH	3850410534			
Camo	Green-SPBootsSuitI	3779168145			
Camo	Green-SPBootsSuitK	3905142015			
Camo	Green-SPGlovesSuitA	3803454563			
Camo	Green-SPGlovesSuitB	4025957050			
Camo	Green-SPGlovesSuitC	3946194701			
Camo	Green-SPGlovesSuitD	4117853960			
Camo	Green-SPGlovesSuitE	4054870719			
Camo	Green-SPGlovesSuitF	4243803238			
Camo	Green-SPGlovesSuitG	4164047313			
Camo	Green-SPGlovesSuitH	3229477996			
Camo	Green-SPGlovesSuitI	3300717019			
Camo	Green-SPGlovesSuitK	3443444405			
Camo	Green-SPHelmetSuitA	1104112020			
Camo	Green-SPHelmetSuitB	1284263757			
Camo	Green-SPHelmetSuitC	1213027066			
Camo	Green-SPHelmetSuitD	1443496703			
Camo	Green-SPHelmetSuitE	1389043528			
Camo	Green-SPHelmetSuitF	1602763153			
Camo	Green-SPHelmetSuitG	1531520038			
Camo	Green-SPHelmetSuitH	1661376923			
Camo	Green-SPHelmetSuitI	1741128748			
Camo	Green-SPPantsSuitA	2597608857			
Camo	Green-SPPantsSuitB	2543287104			
Camo	Green-SPPantsSuitC	2471913207			
Camo	Green-SPPantsSuitD	2366715634			
Camo	Green-SPPantsSuitE	2312121157			
Camo	Green-SPPantsSuitF	2224229788			
Camo	Green-SPPantsSuitG	2152861739			
Camo	Green-SPPantsSuitH	3088952726			
Camo	Green-SPPantsSuitI	3168579617			
Camo	Green-SPPantsSuitK	3042872143			
Camo	Green-SPTorsoSuitA	206291570			
Camo	Green-SPTorsoSuitB	17360043			
Camo	Green-SPTorsoSuitC	97122588			
Camo	Green-SPTorsoSuitD	462334233			
Camo	Green-SPTorsoSuitE	525317294			
Camo	Green-SPTorsoSuitF	302813815			
Camo	Green-SPTorsoSuitG	382570432			
Camo	Green-SPTorsoSuitH	780284541			
Camo	Green-SPTorsoSuitI	709046218			
Camo	Green-SPTorsoSuitK	599856292			
Camo	Navy-MPArmorBootsExecutioner	2719436654			
Camo	Navy-MPArmorBootsGhost	1312680201			
Camo	Navy-MPArmorBootsHeavy	3594973813			
Camo	Navy-MPArmorBootsHunter	1883492082			
Camo	Navy-MPArmorBootsIntelScout	3987635599			
Camo	Navy-MPArmorBootsTech	3406652781			
Camo	Navy-MPArmorGlovesExecutioner	625987102			
Camo	Navy-MPArmorGlovesGhost	560003897			
Camo	Navy-MPArmorGlovesHeavy	3105611845			
Camo	Navy-MPArmorGlovesHunter	2753494640			
Camo	Navy-MPArmorGlovesIntelScout	1529019364			
Camo	Navy-MPArmorGlovesTech	3302963512			
Camo	Navy-MPArmorPantsExecutioner	4271668008			
Camo	Navy-MPArmorPantsGhost	329309881			
Camo	Navy-MPArmorPantsHeavy	2346436037			
Camo	Navy-MPArmorPantsHunter	3441483451			
Camo	Navy-MPArmorPantsIntelScout	1726066947			
Camo	Navy-MPArmorPantsTech	3702148269			
Camo	Navy-MPArmorTorsoGhost	2235515218			
Camo	Navy-MPArmorTorsoGhostElite	2955871559			
Camo	Navy-MPArmorTorsoHeavy	491018798			
Camo	Navy-MPArmorTorsoHeavyElite	1880217076			
Camo	Navy-MPArmorTorsoHunter	592751676			
Camo	Navy-MPArmorTorsoHunterElite	464691026			
Camo	Navy-MPArmorTorsoIntelScout	1863114510			
Camo	Navy-MPArmorTorsoIntelScoutElite	2840332420			
Camo	Navy-MPArmorTorsoSaboteur	811853692			
Camo	Navy-MPArmorTorsoSaboteurElite	3444699533			
Camo	Navy-MPArmorTorsoTech	913553430			
Camo	Navy-MPArmorTorsoTechElite	3391361970			
Camo	Navy-SPBootsSuitA	670595830			
Camo	Navy-SPBootsSuitB	716921903			
Camo	Navy-SPBootsSuitC	779764120			
Camo	Navy-SPBootsSuitD	809308573			
Camo	Navy-SPBootsSuitE	888933418			
Camo	Navy-SPBootsSuitF	968829683			
Camo	Navy-SPBootsSuitG	1031681860			
Camo	Navy-SPBootsSuitH	87132921			
Camo	Navy-SPBootsSuitI	32544590			
Camo	Navy-SPBootsSuitK	141732896			
Camo	Navy-SPGlovesSuitA	3414186791			
Camo	Navy-SPGlovesSuitB	3334700542			
Camo	Navy-SPGlovesSuitC	3254935625			
Camo	Navy-SPGlovesSuitD	3695521868			
Camo	Navy-SPGlovesSuitE	3632541179			
Camo	Navy-SPGlovesSuitF	3586591522			
Camo	Navy-SPGlovesSuitG	3506837141			
Camo	Navy-SPGlovesSuitH	3913919272			
Camo	Navy-SPGlovesSuitI	3985159839			
Camo	Navy-SPGlovesSuitK	3825896945			
Camo	Navy-SPHelmetSuitA	1761291984			
Camo	Navy-SPHelmetSuitB	1706559497			
Camo	Navy-SPHelmetSuitC	1635325374			
Camo	Navy-SPHelmetSuitD	2134787515			
Camo	Navy-SPHelmetSuitE	2080331788			
Camo	Navy-SPHelmetSuitF	1992064725			
Camo	Navy-SPHelmetSuitG	1920820066			
Camo	Navy-SPHelmetSuitH	1244847839			
Camo	Navy-SPHelmetSuitI	1324598120			
Camo	Navy-SPPantsSuitA	2053459270			
Camo	Navy-SPPantsSuitB	1999006623			
Camo	Navy-SPPantsSuitC	1944548904			
Camo	Navy-SPPantsSuitD	1839212077			
Camo	Navy-SPPantsSuitE	1767979930			
Camo	Navy-SPPantsSuitF	1679957315			
Camo	Navy-SPPantsSuitG	1625489652			
Camo	Navy-SPPantsSuitH	1487715657			
Camo	Navy-SPPantsSuitI	1550688510			
Camo	Navy-SPPantsSuitK	1441766288			
Camo	Navy-SPTorsoSuitA	3975860909			
Camo	Navy-SPTorsoSuitB	3787060340			
Camo	Navy-SPTorsoSuitC	3849906627			
Camo	Navy-SPTorsoSuitD	4215257542			
Camo	Navy-SPTorsoSuitE	4294878321			
Camo	Navy-SPTorsoSuitF	4072506024			
Camo	Navy-SPTorsoSuitG	4135362335			
Camo	Navy-SPTorsoSuitH	3459457698			
Camo	Navy-SPTorsoSuitI	3404873493			
Camo	Navy-SPTorsoSuitK	3278898299			
Camo	White-MPArmorBootsExecutioner	3248859102			
Camo	White-MPArmorBootsGhost	3948939859			
Camo	White-MPArmorBootsHeavy	1931153711			
Camo	White-MPArmorBootsHunter	670822080			
Camo	White-MPArmorBootsIntelScout	3293277077			
Camo	White-MPArmorBootsTech	2970863119			
Camo	White-MPArmorGlovesExecutioner	2551378312			
Camo	White-MPArmorGlovesGhost	1993923339			
Camo	White-MPArmorGlovesHeavy	4003709047			
Camo	White-MPArmorGlovesHunter	2046365870			
Camo	White-MPArmorGlovesIntelScout	948966228			
Camo	White-MPArmorGlovesTech	1635965538			
Camo	White-MPArmorPantsExecutioner	2637075352			
Camo	White-MPArmorPantsGhost	3070049763			
Camo	White-MPArmorPantsHeavy	780543647			
Camo	White-MPArmorPantsHunter	2593717897			
Camo	White-MPArmorPantsIntelScout	1325704985			
Camo	White-MPArmorPantsTech	2796875727			
Camo	White-MPArmorTorsoGhost	543334920			
Camo	White-MPArmorTorsoGhostElite	2580157277			
Camo	White-MPArmorTorsoHeavy	3088693620			
Camo	White-MPArmorTorsoHeavyElite	1509213166			
Camo	White-MPArmorTorsoHunter	1961659406			
Camo	White-MPArmorTorsoHunterElite	2013296610			
Camo	White-MPArmorTorsoIntelScout	1189726484			
Camo	White-MPArmorTorsoIntelScoutElite	3380854495			
Camo	White-MPArmorTorsoSaboteur	497806193			
Camo	White-MPArmorTorsoSaboteurElite	4067941022			
Camo	White-MPArmorTorsoTech	1282218868			
Camo	White-MPArmorTorsoTechElite	4223950189			
Camo	White-SPBootsSuitA	3055789193			
Camo	White-SPBootsSuitB	3143664208			
Camo	White-SPBootsSuitC	3215040487			
Camo	White-SPBootsSuitD	2716258274			
Camo	White-SPBootsSuitE	2770850389			
Camo	White-SPBootsSuitF	2825188492			
Camo	White-SPBootsSuitG	2896554299			
Camo	White-SPBootsSuitH	2498385030			
Camo	White-SPBootsSuitI	2418755889			
Camo	White-SPBootsSuitK	2578018911			
Camo	White-SPGlovesSuitA	334110883			
Camo	White-SPGlovesSuitB	514393722			
Camo	White-SPGlovesSuitC	443030477			
Camo	White-SPGlovesSuitD	70208456			
Camo	White-SPGlovesSuitE	15619711			
Camo	White-SPGlovesSuitF	229470374			
Camo	White-SPGlovesSuitG	158100753			
Camo	White-SPGlovesSuitH	824430764			
Camo	White-SPGlovesSuitI	904056091			
Camo	White-SPGlovesSuitK	1012987509			
Camo	White-SPHelmetSuitA	2962314580			
Camo	White-SPHelmetSuitB	3184685965			
Camo	White-SPHelmetSuitC	3105058362			
Camo	White-SPHelmetSuitD	2807316031			
Camo	White-SPHelmetSuitE	2744460168			
Camo	White-SPHelmetSuitF	2933261649			
Camo	White-SPHelmetSuitG	2853640422			
Camo	White-SPHelmetSuitH	2455283035			
Camo	White-SPHelmetSuitI	2526656748			
Camo	White-SPPantsSuitA	3955135289			
Camo	White-SPPantsSuitB	3875386848			
Camo	White-SPPantsSuitC	3795626071			
Camo	White-SPPantsSuitD	4235982930			
Camo	White-SPPantsSuitE	4172998117			
Camo	White-SPPantsSuitF	4126786364			
Camo	White-SPPantsSuitG	4047036043			
Camo	White-SPPantsSuitH	3380044598			
Camo	White-SPPantsSuitI	3451289217			
Camo	White-SPPantsSuitK	3291760111			
Camo	White-SPTorsoSuitA	2099317970			
Camo	White-SPTorsoSuitB	1885481483			
Camo	White-SPTorsoSuitC	1956853692			
Camo	White-SPTorsoSuitD	1793353657			
Camo	White-SPTorsoSuitE	1847949838			
Camo	White-SPTorsoSuitF	1667652823			
Camo	White-SPTorsoSuitG	1739014496			
Camo	White-SPTorsoSuitH	1609104605			
Camo	White-SPTorsoSuitI	1529471338			
Camo	White-SPTorsoSuitK	1386994180			
Gadget	GI_Adv_AmmoPack	2937341388		Gadget	Merc
Gadget	GI_Adv_AntiGrenadeSystem	656114637		Gadget	Spy
Gadget	GI_Adv_EscBomb	169350850		Gadget	Spy
Gadget	GI_Adv_Grenade_EMP	717479671		Gadget	Spy
Gadget	GI_Adv_Grenade_Flashbang	931134404		Gadget	Spy
Gadget	GI_Adv_Grenade_Frag	4226491097		Gadget	Merc
Gadget	GI_Adv_Grenade_TearGas	620682230		Gadget	Merc
Gadget	GI_Adv_Proximity_Mine	2715069074		Gadget	Merc
Gadget	GI_Adv_Sticky_Camera	1470046071		Gadget	Spy
Gadget	GI_Adv_TaggingDevice	3925862024		Gadget	Merc
Gadget	GI_DoorBreach	3003396417		Gadget	Campaign
Gadget	GI_Grenade_EMP	2129770155		Gadget	Campaign
Gadget	GI_Grenade_Flashbang	1502415414		Gadget	Campaign
Gadget	GI_Grenade_Frag	3055821010		Gadget	Campaign
Gadget	GI_Grenade_Incendiary	411950171		Gadget	Campaign
Gadget	GI_Grenade_SleepingGas	2746321381		Gadget	Campaign
Gadget	GI_Grenade_Smoke	3399838842		Gadget	Campaign
Gadget	GI_Grenade_TearGas	1062449329		Gadget	Campaign
Gadget	GI_Proximity_Mine	1658072		Gadget	Campaign
Gadget	GI_Proximity_Shocker_Mine	4011132615		Gadget	Campaign
Gadget	GI_Quadrocopter	383325167		Gadget	Campaign
Gadget	GI_Sticky_Camera	2090408724		Gadget	Campaign
Gadget	GI_Sticky_Noisemaker	973429698		Gadget	Campaign
Light	LightBlue	1305046398		Detail	Campaign
Light	LightGold	3002669848		Detail	Campaign
Light	LightGreen	4075990909		Detail	Campaign
Light	LightOrange	1798226789		Detail	Campaign
Light	LightPaleBlue	3943745167		Detail	Campaign
Light	LightPaleOrange	813149255		Detail	Campaign
Light	LightPink	3699549215		Detail	Campaign
Light	LightPurple	373479184		Detail	Campaign
Light	LightRed	3275661675		Detail	Campaign
Light	LightWhite	405823036		Detail	Campaign
Upgrade	EGameItemUpgrade_Quadrocopter_Level1	1580032825			
Upgrade	EGameItemUpgrade_Quadrocopter_Level2	1399735776			
Upgrade	EGameItemUpgrade_StickyCamera_Level1	295813931			
Upgrade	EGameItemUpgrade_StickyCamera_Level2	484632050			
Upgrade	EGameItemUpgrade_ThermalGoggles_Level1	266780199			
Upgrade	EGameItemUpgrade_ThermalGoggles_Level2	44407038			
Upgrade	EGameItemUpgrade_ThermalGoggles_Level3	107251017			
Upgrade	EGameItemUpgrade_ThermalGoggles_Level4	405001548			
Upgrade	EGameItemUpgrade_ThermalGoggles_Level5	484624635			
VisionMode	GI_MP_BMSensor	799164088			Merc
VisionMode	GI_MP_BatsVision	2933499527			Merc
VisionMode	GI_MP_EMFGoggles	465301380			Spy
VisionMode	GI_MP_RFDetector	4242781582			Merc
VisionMode	GI_MP_SonarGoggles	989735138			Spy
VisionMode	GI_MP_ThermalGoggles	2920088882			Spy
VisionMode	GI_ThermalGoggles	3099839455			Campaign
Weapon	ADV_Merc_Assault_ACE	130228041	ADV_Merc_Assault_ACE	TwoHander	Merc
Weapon	ADV_Merc_Assault_AK47	398314780	ADV_Merc_Assault_AK47	TwoHander	Merc
Weapon	ADV_Merc_Assault_ARX160	1609580467	ADV_Merc_Assault_ARX160	TwoHander	Merc
Weapon	ADV_Merc_Assault_FAMASG2	969705833	ADV_Merc_Assault_FAMASG2	TwoHander	Merc
Weapon	ADV_Merc_Assault_G36C	3112649892	ADV_Merc_Assault_G36C	TwoHander	Merc
Weapon	ADV_Merc_Assault_Goblin	495138913	ADV_Merc_Assault_Goblin	TwoHander	Merc
Weapon	ADV_Merc_Assault_HoneyBadger	554828164	ADV_Merc_Assault_HoneyBadger	TwoHander	Merc
Weapon	ADV_Merc_Assault_M416	535050579	ADV_Merc_Assault_M416	TwoHander	Merc
Weapon	ADV_Merc_Assault_SA58	627083599	ADV_Merc_Assault_SA58	TwoHander	Merc
Weapon	ADV_Merc_LMG_HKMG4	1970926960	ADV_Merc_LMG_HKMG4	TwoHander	Merc
Weapon	ADV_Merc_LMG_U100	1380333412	ADV_Merc_LMG_U100	TwoHander	Merc
Weapon	ADV_Merc_Pistol_DesertEagle	468180127	ADV_Merc_Pistol_DesertEagle	Pistol	Merc
Weapon	ADV_Merc_Pistol_Makarov	2601771957	ADV_Merc_Pistol_Makarov	Pistol	Merc
Weapon	ADV_Merc_Pistol_Px4	2888973554	ADV_Merc_Pistol_Px4	Pistol	Merc
Weapon	ADV_Merc_Shotgun_AA12	1583627444	ADV_Merc_Shotgun_AA12	TwoHander	Merc
Weapon	ADV_Merc_Shotgun_M1014	2417803434	ADV_Merc_Shotgun_M1014	TwoHander	Merc
Weapon	ADV_Merc_Shotgun_RMB93	1032812967	ADV_Merc_Shotgun_RMB93	TwoHander	Merc
Weapon	ADV_Merc_Shotgun_Saiga12	438426336	ADV_Merc_Shotgun_Saiga12	TwoHander	Merc
Weapon	ADV_Spy_CrossBow	3328455523	ADV_Spy_CrossBow	TwoHander	Spy
Weapon	ADV_Spy_Pistol_F40	3086184361	ADV_Spy_Pistol_F40	Pistol	Spy
Weapon	ADV_Spy_Pistol_FiveSeven	3414297539	ADV_Spy_Pistol_FiveSeven	Pistol	Spy
Weapon	ADV_Spy_Pistol_Proto	3594218891	ADV_Spy_Pistol_Proto	Pistol	Spy
Weapon	ADV_Spy_Pistol_USP45	549993392	ADV_Spy_Pistol_USP45	Pistol	Spy
Weapon	ADV_Spy_SMG_MAC11	1716735579	ADV_Spy_SMG_MAC11	TwoHander	Spy
Weapon	ADV_Spy_SMG_MP5	603875156	ADV_Spy_SMG_MP5	TwoHander	Spy
Weapon	ADV_Spy_SMG_MP7	712793146	ADV_Spy_SMG_MP7	TwoHander	Spy
Weapon	ADV_Spy_SMG_PP19	2408603069	ADV_Spy_SMG_PP19	TwoHander	Spy
Weapon	ADV_Spy_SMG_PP2000	3582270670	ADV_Spy_SMG_PP2000	TwoHander	Spy
Weapon	ADV_Spy_SMG_Proto	2877060280	ADV_Spy_SMG_Proto	TwoHander	Spy
Weapon	ADV_Spy_SMG_Scorpion	187145924	ADV_Spy_SMG_Scorpion	TwoHander	Spy
Weapon	ADV_Spy_SMG_UMP45	3286857481	ADV_Spy_SMG_UMP45	TwoHander	Spy
Weapon	ADV_Spy_SMG_Vector	1103308445	ADV_Spy_SMG_Vector	TwoHander	Spy
Weapon	Crossbow_1H	2381615518	Crossbow_1H	NonLethal	Campaign
Weapon	Crossbow_1H_DLC	2997579285	Crossbow_1H_DLC	NonLethal	Campaign
Weapon	Pistol_5-7	2592683470	Pistol_5-7	Pistol	Campaign
Weapon	Pistol_DesertEagle	54314406	Pistol_DesertEagle	Pistol	Campaign
Weapon	Pistol_F40	2841446201	Pistol_F40	Pistol	Campaign
Weapon	Pistol_Makarov	859258847	Pistol_Makarov	Pistol	Campaign
Weapon	Pistol_PX4	2517337716	Pistol_PX4	Pistol	Campaign
Weapon	Pistol_Proto	1159782053	Pistol_Proto	Pistol	Campaign
Weapon	Pistol_USP45	3016984734	Pistol_USP45	Pistol	Campaign
Weapon	Rifle_AK47	2242157059	Rifle_AK47	TwoHander	Campaign
Weapon	Rifle_AKS74U	346833522	Rifle_AKS74U	TwoHander	Campaign
Weapon	Rifle_ARX	2492917002	Rifle_ARX	TwoHander	Campaign
Weapon	Rifle_FAMAS	691036383	Rifle_FAMAS	TwoHander	Campaign
Weapon	Rifle_G36C	731780027	Rifle_G36C	TwoHander	Campaign
Weapon	Rifle_Goblin	392173910	Rifle_Goblin	TwoHander	Campaign
Weapon	Rifle_HoneyBadger	3439044860	Rifle_HoneyBadger	TwoHander	Campaign
Weapon	Rifle_M416	2382196300	Rifle_M416	TwoHander	Campaign
Weapon	Rifle_Proto	4208517691	Rifle_Proto	TwoHander	Campaign
Weapon	Rifle_SA58	3078217296	Rifle_SA58	TwoHander	Campaign
Weapon	SMG_MAC11	2406210396	SMG_MAC11	TwoHander	Campaign
Weapon	SMG_MP5	3330337487	SMG_MP5	TwoHander	Campaign
Weapon	SMG_MP7A2	173181804	SMG_MP7A2	TwoHander	Campaign
Weapon	SMG_PP19	2166608847	SMG_PP19	TwoHander	Campaign
Weapon	SMG_PP2000	3408622686	SMG_PP2000	TwoHander	Campaign
Weapon	SMG_Proto	1111810495	SMG_Proto	TwoHander	Campaign
Weapon	SMG_Scorpion	2554080746	SMG_Scorpion	TwoHander	Campaign
Weapon	SMG_UMP45	718397966	SMG_UMP45	TwoHander	Campaign
Weapon	SMG_Vector	1600998925	SMG_Vector	TwoHander	Campaign
Weapon	Shotgun_AA12	2167990251	Shotgun_AA12	TwoHander	Campaign
Weapon	Shotgun_M1014	3491465931	Shotgun_M1014	TwoHander	Campaign
Weapon	Shotgun_Proto	863265538	Shotgun_Proto	TwoHander	Campaign
Weapon	Shotgun_RMB93	2106078150	Shotgun_RMB93	TwoHander	Campaign
Weapon	Shotgun_Saiga12	2577854077	Shotgun_Saiga12	TwoHander	Campaign
Weapon	Sniper_Proto	625774215	Sniper_Proto	TwoHander	Campaign
Weapon	Sniper_SR25	2517615303	Sniper_SR25	TwoHander	Campaign
Weapon	Sniper_SVU	3974273767	Sniper_SVU	TwoHander	Campaign
Weapon	Sniper_VSS	1707760461	Sniper_VSS	TwoHander	Campaign
Weapon	Tazer	142404564	Tazer	NonLethal	Campaign
